name,bulbasaur,ivysaur,venusaur,charmander,charmeleon,charizard,squirtle,wartortle,blastoise,caterpie,metapod,butterfree,weedle,kakuna,beedrill,pidgey,pidgeotto,pidgeot,rattata,raticate,spearow,fearow,ekans,arbok,pikachu,raichu,sandshrew,sandslash,nidoran-f,nidorina,nidoqueen,nidoran-m,nidorino,nidoking,clefairy,clefable,vulpix,ninetales,jigglypuff,wigglytuff,zubat,golbat,oddish,gloom,vileplume,paras,parasect,venonat,venomoth,diglett,dugtrio,meowth,persian,psyduck,golduck,mankey,primeape,growlithe,arcanine,poliwag,poliwhirl,poliwrath,abra,kadabra,alakazam,machop,machoke,machamp,bellsprout,weepinbell,victreebel,tentacool,tentacruel,geodude,graveler,golem,ponyta,rapidash,slowpoke,slowbro,magnemite,magneton,farfetchd,doduo,dodrio,seel,dewgong,grimer,muk,shellder,cloyster,gastly,haunter,gengar,onix,drowzee,hypno,krabby,kingler,voltorb,electrode,exeggcute,exeggutor,cubone,marowak,hitmonlee,hitmonchan,lickitung,koffing,weezing,rhyhorn,rhydon,chansey,tangela,kangaskhan,horsea,seadra,goldeen,seaking,staryu,starmie,mr-mime,scyther,jynx,electabuzz,magmar,pinsir,tauros,magikarp,gyarados,lapras,ditto,eevee,vaporeon,jolteon,flareon,porygon,omanyte,omastar,kabuto,kabutops,aerodactyl,snorlax,articuno,zapdos,moltres,dratini,dragonair,dragonite,mewtwo,mew
bulbasaur,0,469,304,839,648,593,133,32,18,995,1000,545,1000,1000,868,592,511,313,591,236,875,630,867,656,495,405,371,57,830,653,112,795,654,55,711,66,558,220,620,500,926,687,317,253,106,584,273,943,717,314,44,495,177,397,97,418,133,382,132,144,38,7,0,182,73,461,232,114,641,356,203,491,193,143,62,8,636,473,361,131,399,94,566,624,337,285,207,861,674,512,224,643,582,536,405,626,192,275,68,248,55,333,0,258,56,83,50,356,491,449,208,49,949,377,28,276,176,143,29,217,42,685,658,336,81,431,369,92,1000,32,35,550,196,109,102,355,579,225,24,140,68,307,14,206,22,696,530,421,362,12,127
ivysaur,531,0,251,879,685,617,120,56,22,999,1000,534,1000,1000,900,673,454,220,638,248,899,645,900,599,607,610,179,58,844,697,90,878,630,47,707,154,521,162,571,591,943,703,238,142,41,524,240,965,787,389,47,472,170,556,153,465,112,412,76,161,48,17,0,230,103,337,176,126,539,295,96,570,215,22,20,6,681,438,460,235,443,97,572,738,321,426,239,849,706,233,17,725,575,448,239,749,315,80,28,280,60,226,0,287,83,111,65,296,414,297,92,23,979,183,20,120,150,108,41,174,46,730,702,456,98,414,218,56,1000,25,63,697,312,212,196,414,599,91,20,93,47,287,29,208,14,727,611,358,297,6,151
venusaur,696,749,0,971,884,813,255,96,38,1000,1000,688,1000,1000,960,727,590,314,856,413,976,818,944,793,867,843,383,175,931,828,167,935,842,72,843,271,706,213,779,737,965,818,414,337,128,791,456,978,872,679,140,725,373,777,243,741,201,616,128,375,72,32,0,320,179,565,363,199,727,489,254,763,236,27,12,1,835,660,676,358,700,300,788,917,567,569,441,869,823,349,48,766,676,557,411,894,601,108,55,479,128,444,7,441,162,258,249,436,595,494,131,19,995,423,32,254,245,257,108,271,55,888,851,719,187,567,351,113,1000,29,113,725,536,406,404,691,848,165,19,118,117,495,30,310,9,880,795,655,472,7,218
charmander,148,109,26,0,121,22,695,432,158,984,1000,55,990,1000,102,585,241,22,579,158,617,197,683,136,563,364,604,273,648,339,91,673,341,47,319,10,239,1,314,186,709,66,34,26,13,150,49,251,33,477,158,374,91,794,250,378,94,113,0,620,369,62,0,132,40,444,219,81,272,96,28,727,195,523,446,328,232,55,658,372,317,19,332,343,47,447,26,502,84,717,115,507,278,113,839,363,47,698,368,346,72,182,3,588,271,58,26,197,226,70,671,448,790,265,5,872,860,634,188,683,482,306,183,18,110,23,18,40,1000,69,20,667,175,320,72,20,371,847,528,744,416,122,0,0,0,0,544,259,71,0,71
charmeleon,339,296,105,877,0,135,883,714,467,997,1000,189,997,1000,318,727,510,128,894,437,890,465,896,458,849,666,785,578,872,616,394,916,694,182,527,42,499,18,622,367,885,261,122,90,47,393,139,568,143,771,364,711,291,933,538,872,320,366,4,850,604,388,0,231,99,754,551,313,574,291,124,948,478,663,627,463,529,175,862,645,674,213,622,748,183,726,144,743,222,822,416,754,484,312,929,696,228,797,644,665,232,256,23,763,547,251,281,436,543,250,788,630,890,534,39,959,964,837,601,869,781,570,405,93,325,107,99,170,1000,174,78,759,507,647,259,142,641,917,768,859,719,313,4,0,2,1,807,617,203,6,104
charizard,400,357,180,976,865,0,983,896,779,1000,1000,398,1000,1000,416,753,647,316,977,793,981,746,974,821,996,997,873,787,959,869,707,982,907,619,749,142,606,111,882,690,940,562,185,162,146,542,234,757,448,966,566,946,623,974,863,966,743,541,86,955,865,637,341,440,270,932,837,669,628,378,262,985,826,766,709,681,880,555,961,885,908,645,828,927,467,880,440,895,499,873,606,872,779,540,975,918,582,891,801,897,595,407,104,914,746,636,614,706,714,520,882,791,951,652,268,985,993,925,817,978,941,897,688,520,821,498,422,434,1000,619,221,834,785,859,541,481,919,966,869,917,824,597,46,2,170,202,930,868,518,49,277
squirtle,856,850,698,295,117,17,0,88,2,1000,1000,162,1000,1000,582,551,317,47,839,347,843,422,817,261,835,681,685,90,937,538,12,901,588,13,704,25,114,0,814,430,904,248,733,627,209,866,606,741,256,413,111,689,213,664,68,688,249,55,0,614,173,17,0,172,59,717,335,140,927,711,407,630,50,370,152,8,228,48,426,57,615,147,396,583,97,371,46,673,41,725,1,640,396,237,682,628,120,485,66,769,315,777,70,498,92,211,77,345,379,57,563,128,836,895,9,790,687,426,60,527,71,616,542,165,382,6,152,65,1000,3,3,571,259,60,462,31,571,526,4,413,41,87,3,0,18,0,563,377,65,1,49
wartortle,963,928,881,550,284,104,912,0,74,1000,1000,289,1000,1000,826,735,454,171,976,647,971,671,983,584,959,880,901,306,994,933,183,999,907,97,848,76,221,11,950,788,991,548,886,874,591,976,849,962,535,639,204,910,527,969,349,864,508,157,3,846,522,156,0,322,155,909,791,524,985,926,656,852,227,491,323,92,486,153,779,297,920,425,692,810,327,810,199,828,281,900,18,745,582,376,872,841,329,868,296,948,583,889,345,723,341,327,228,628,650,195,803,335,965,968,63,952,905,796,298,795,533,845,762,476,642,26,353,296,1000,22,25,862,782,308,754,170,825,936,159,895,250,295,18,0,64,7,903,657,248,5,96
blastoise,978,971,946,837,529,221,998,926,0,1000,1000,465,1000,1000,984,750,589,257,999,878,1000,848,994,792,999,978,979,684,1000,988,667,1000,993,352,933,302,563,71,993,912,999,742,985,980,833,994,950,985,795,807,344,986,748,997,749,990,789,447,39,972,842,640,0,494,315,971,910,779,998,990,912,988,563,673,319,61,788,441,963,732,976,769,950,990,561,914,722,909,458,929,102,805,670,512,984,964,708,979,701,996,820,933,489,874,511,672,722,825,854,463,960,455,978,992,156,995,980,981,821,924,942,964,909,812,837,124,549,468,1000,154,246,949,947,795,921,606,964,997,459,991,595,609,144,8,50,106,973,928,371,19,222
caterpie,4,1,0,16,3,0,0,0,0,0,399,0,573,645,4,3,0,0,12,0,126,1,5,0,3,1,0,0,0,0,0,3,0,0,3,3,0,0,0,0,19,0,0,0,0,25,1,0,0,33,0,1,0,0,0,47,1,0,0,0,0,0,0,0,0,4,1,0,11,1,0,2,0,0,0,0,1,0,0,0,0,0,22,12,1,0,0,0,0,0,0,49,6,0,0,8,0,0,0,0,0,0,0,4,0,5,0,0,0,0,0,0,123,2,0,0,0,0,0,0,0,11,12,0,0,0,0,0,957,0,0,535,0,0,0,0,3,0,0,0,0,0,0,0,0,0,1,0,0,0,27
metapod,0,0,0,0,0,0,0,0,0,0,0,0,0,0,0,0,0,0,0,0,0,0,0,0,0,0,0,0,0,0,0,0,0,0,0,0,0,0,0,0,0,0,0,0,0,0,0,0,0,0,0,0,0,0,0,4,0,0,0,0,0,0,0,0,0,0,0,0,0,0,0,0,0,0,0,0,0,0,0,0,0,0,0,0,0,0,0,0,0,0,0,0,0,0,0,0,0,0,0,0,0,0,0,0,0,0,0,0,0,0,0,0,0,0,0,0,0,0,0,0,0,0,0,0,0,0,0,0,0,0,0,0,0,0,0,0,0,0,0,0,0,0,0,0,0,0,0,0,0,0,0
butterfree,81,70,12,410,235,67,286,141,23,702,698,0,731,690,184,374,178,36,470,124,512,220,407,154,461,370,428,179,403,232,23,444,253,24,264,38,218,20,346,166,437,87,69,73,35,488,259,458,175,309,81,334,75,317,54,110,25,221,21,313,117,0,0,13,4,105,36,17,281,159,81,189,35,331,144,46,246,117,56,13,427,221,225,409,116,148,30,262,35,528,207,606,374,305,429,40,10,419,121,257,74,57,5,303,109,22,17,123,290,105,354,101,150,281,17,513,384,305,92,296,21,41,302,10,128,90,311,46,677,14,19,313,157,80,77,88,187,358,89,370,89,60,3,3,13,76,345,194,55,0,50
weedle,0,0,0,7,2,0,0,0,0,381,998,0,0,0,0,14,0,0,19,1,155,20,0,0,6,16,3,0,0,0,0,0,0,0,99,1,2,0,0,41,0,0,0,0,0,1,0,0,0,171,9,1,0,2,0,0,0,0,0,0,0,0,0,9,6,0,0,0,0,0,0,0,0,1,0,0,4,1,8,8,11,0,25,7,0,0,0,0,0,0,0,0,0,0,24,69,7,1,0,2,0,12,0,95,20,0,0,6,0,0,7,0,717,4,0,3,1,0,0,4,0,53,17,2,0,0,0,0,978,0,0,250,0,1,1,0,6,0,0,0,0,0,0,0,0,0,16,7,1,0,9
kakuna,0,0,0,0,0,0,0,0,0,0,0,0,0,0,0,0,0,0,0,0,0,0,0,0,0,0,0,0,0,0,0,0,0,0,0,0,0,0,0,0,0,0,0,0,0,0,0,0,0,0,0,0,0,0,0,3,0,0,0,0,0,0,0,0,0,0,0,0,0,0,0,0,0,0,0,0,0,0,0,0,0,0,0,0,0,0,0,0,0,0,0,0,0,0,0,0,0,0,0,0,0,0,0,0,0,0,0,0,0,0,0,0,0,0,0,0,0,0,0,0,0,0,0,0,0,0,0,0,0,0,0,0,0,0,0,0,0,0,0,0,0,0,0,0,0,0,0,0,0,0,0
beedrill,130,99,40,893,671,579,412,160,15,996,1000,424,1000,1000,0,715,556,219,749,210,932,575,849,379,848,801,78,4,637,346,4,765,494,1,573,57,649,168,581,266,833,354,53,38,52,441,135,600,158,681,90,474,111,656,95,532,123,543,78,560,192,26,0,179,68,325,172,109,280,154,93,882,238,52,9,0,677,399,315,97,693,249,625,719,284,563,121,628,188,419,5,598,445,296,287,578,179,224,33,485,135,80,1,290,56,170,47,155,170,81,91,6,953,155,10,673,489,358,149,557,76,530,539,221,209,380,35,35,998,124,30,703,318,155,239,509,560,613,137,470,119,413,0,52,48,589,745,468,249,0,106
pidgey,39,11,4,76,18,3,17,0,0,387,190,4,408,214,22,0,13,1,159,14,191,16,154,6,257,145,15,0,103,11,0,201,11,0,24,0,25,0,56,9,181,4,2,3,0,48,2,24,1,178,4,75,4,98,0,127,16,7,0,40,0,0,0,23,1,136,33,7,72,12,0,62,1,17,3,0,28,1,7,0,164,9,63,50,3,11,2,19,0,104,1,156,61,12,104,75,7,81,4,84,8,14,0,47,4,14,0,1,6,0,31,1,234,17,0,80,13,17,4,20,0,54,26,38,63,2,0,1,505,0,0,165,8,0,18,3,38,43,2,28,0,2,0,0,0,0,97,21,1,0,9
pidgeotto,74,55,8,268,93,16,105,20,1,464,323,31,517,313,65,290,0,2,403,75,454,77,338,32,480,397,134,2,286,123,0,384,192,1,147,0,151,0,242,46,411,21,22,12,2,167,24,135,15,375,41,294,28,317,18,411,76,88,0,202,22,16,0,64,10,323,144,43,226,61,9,257,5,113,28,1,129,25,74,3,361,96,180,220,17,87,39,104,1,265,27,320,149,55,288,231,31,201,9,299,60,32,1,174,29,104,47,22,55,3,135,12,335,101,4,277,82,143,26,131,4,143,95,163,190,11,3,16,562,2,5,187,94,10,128,42,140,232,6,168,16,41,0,0,0,0,272,108,9,0,14
pidgeot,234,183,70,510,339,98,359,197,46,552,435,147,569,442,277,378,272,0,624,348,627,284,546,255,591,457,395,101,449,315,62,525,413,69,330,36,337,45,459,155,554,186,82,55,36,386,149,314,156,641,207,517,208,495,208,600,366,294,31,480,258,140,341,231,75,523,352,227,448,259,73,469,115,396,179,41,430,194,282,50,568,334,379,485,136,307,177,299,26,459,177,577,425,177,411,378,163,420,129,575,273,124,22,346,136,339,302,146,265,75,352,110,531,237,27,459,324,381,171,406,104,354,253,470,444,163,80,89,601,27,58,233,371,106,367,234,336,422,103,470,239,224,3,29,53,42,457,299,88,0,42
rattata,403,344,132,417,106,23,161,24,1,988,1000,160,975,1000,249,478,186,7,0,91,603,112,602,85,397,232,60,1,411,166,2,552,203,0,350,14,326,8,455,125,624,47,116,69,23,353,136,384,88,345,59,255,49,461,30,622,151,128,3,226,28,41,0,71,40,354,273,167,422,215,91,546,24,7,2,0,198,39,131,20,319,27,225,177,19,289,53,278,20,124,0,407,240,94,164,388,108,95,7,208,38,170,2,125,34,100,66,95,33,5,29,2,924,264,3,277,67,212,50,164,3,344,250,73,83,34,9,13,1000,4,5,661,155,63,83,91,226,59,1,80,2,8,6,0,0,0,429,267,40,1,81
raticate,748,732,551,837,562,205,653,353,122,1000,1000,412,998,1000,784,655,492,104,909,0,920,445,901,569,891,710,477,110,895,679,162,913,709,89,738,128,596,99,808,501,882,440,468,387,170,824,497,877,569,855,247,832,334,904,456,895,671,454,65,779,475,311,489,359,202,781,652,528,770,543,371,878,250,143,24,4,737,330,678,293,786,341,613,693,167,802,424,708,251,571,19,762,613,343,670,819,424,443,130,710,250,501,54,602,205,606,532,384,295,116,256,29,983,687,86,676,648,596,316,711,163,835,533,597,387,322,218,142,1000,97,72,744,579,387,438,467,713,543,48,498,183,158,66,6,0,109,791,660,274,7,153
spearow,121,94,22,373,109,19,157,29,0,874,894,47,827,932,68,446,103,3,397,80,0,120,522,63,636,645,54,3,338,130,1,489,208,0,292,17,270,4,400,92,506,22,22,14,13,103,13,101,18,323,62,233,45,409,36,234,34,117,2,224,30,9,0,71,33,145,86,35,166,69,10,389,18,81,25,8,168,31,84,12,592,184,238,143,13,220,183,229,26,127,11,462,235,86,283,346,88,107,9,413,144,41,0,142,29,33,19,55,36,5,128,13,868,52,2,210,55,175,55,179,2,331,110,230,303,37,3,8,993,6,53,630,149,40,222,82,225,272,36,211,34,82,4,0,5,1,377,207,35,0,102
fearow,361,341,168,794,534,252,578,329,152,999,961,226,977,980,422,650,467,143,888,555,880,0,852,529,965,956,481,133,847,659,205,888,704,144,688,134,535,143,803,455,856,382,146,88,52,434,172,528,215,839,260,817,370,843,422,602,312,416,75,726,429,87,404,371,196,446,323,223,497,302,124,821,290,414,275,94,716,305,595,221,877,627,655,716,165,722,616,578,212,546,204,766,605,329,803,753,391,420,141,814,505,136,10,574,224,294,278,353,289,115,583,207,949,300,115,635,523,633,347,644,191,774,429,702,733,313,63,135,1000,114,258,712,564,323,657,438,642,711,244,673,469,442,59,142,190,131,730,620,236,4,185
ekans,123,97,52,299,97,23,164,14,2,995,1000,63,1000,1000,147,323,99,7,386,93,465,142,0,86,437,286,366,28,370,89,5,444,96,4,353,3,137,4,280,213,404,33,32,47,36,273,90,294,57,600,91,237,44,420,48,179,50,34,2,203,39,4,0,125,68,223,127,51,163,62,34,334,43,225,76,19,205,54,402,149,308,13,168,182,15,284,45,425,86,381,6,296,159,83,567,507,114,221,30,159,23,192,2,506,199,53,13,117,38,5,242,29,912,192,4,305,213,84,12,203,43,429,184,79,59,18,10,25,1000,0,8,666,66,51,38,39,308,149,6,83,6,9,1,0,0,0,379,183,54,1,88
arbok,336,389,200,856,522,174,721,398,187,1000,1000,289,1000,1000,609,636,503,116,911,417,935,464,900,0,846,755,855,486,874,650,211,900,684,62,741,90,496,74,730,590,834,227,120,158,101,693,393,793,314,945,487,720,307,929,396,661,249,373,22,650,347,133,0,344,222,561,438,292,486,325,201,827,257,619,419,146,645,300,910,612,767,336,581,729,171,815,419,762,493,815,189,595,407,255,962,900,543,616,248,643,194,346,66,917,592,188,255,472,315,155,697,258,981,599,41,791,679,643,276,611,559,810,508,531,307,102,97,120,1000,32,100,764,550,517,378,359,809,759,150,625,191,153,50,0,1,37,816,645,245,20,159
pikachu,479,366,123,422,150,4,165,41,1,997,1000,17,991,1000,151,333,73,1,603,109,364,35,549,147,0,349,539,236,545,234,99,594,295,69,412,12,212,2,402,243,276,10,232,159,44,352,81,439,81,365,118,340,71,509,64,492,60,150,3,189,54,3,31,63,9,422,152,56,630,322,110,202,8,291,240,106,249,36,222,27,154,4,65,178,6,179,24,470,25,671,136,550,238,79,711,200,25,527,185,65,0,492,4,475,190,35,39,114,234,61,457,185,409,676,4,500,281,216,37,341,19,338,79,11,9,17,122,19,1000,0,4,668,107,19,3,26,254,310,37,359,145,1,0,0,0,0,461,322,6,1,68
raichu,574,365,143,627,330,3,319,120,22,999,1000,6,978,1000,196,257,54,0,768,290,355,44,703,234,651,0,854,536,720,467,251,800,492,128,544,13,288,28,574,441,298,6,506,435,118,591,154,665,230,767,214,667,136,710,205,408,112,228,13,425,156,8,3,141,22,421,192,35,786,560,201,268,28,729,347,151,474,202,466,85,29,0,20,177,5,378,60,505,43,747,281,629,408,153,922,311,42,566,302,78,1,604,14,696,371,14,16,178,406,140,706,423,53,836,12,525,425,326,53,416,79,562,29,45,7,40,250,60,1000,0,6,833,220,68,1,27,495,512,76,601,310,0,0,0,0,0,602,481,2,2,135
sandshrew,609,782,570,390,212,123,311,94,20,1000,1000,139,997,1000,917,555,328,51,938,515,944,516,617,135,459,144,0,20,865,547,36,927,651,24,795,78,161,10,855,594,944,421,178,81,27,954,712,542,185,904,302,821,388,757,210,868,487,94,4,466,156,73,0,108,37,888,553,361,626,409,144,363,34,205,62,9,356,118,382,174,304,56,577,581,146,410,105,323,26,442,29,657,451,316,673,520,204,380,96,657,170,394,38,786,259,395,173,489,129,13,507,82,991,705,52,324,221,603,224,277,75,550,667,625,122,25,142,161,1000,11,21,624,510,234,423,172,358,433,19,327,155,206,11,1,1,11,601,676,288,1,62
sandslash,933,924,787,723,418,209,910,683,310,1000,1000,369,1000,1000,994,774,547,280,998,882,997,866,969,490,763,461,976,0,995,974,334,1000,974,276,955,373,462,86,986,939,998,779,694,557,257,993,961,961,573,988,718,993,813,995,751,975,860,395,28,862,582,474,0,371,200,988,954,878,930,803,380,796,225,731,407,96,768,408,930,571,837,296,957,940,460,902,535,780,189,923,172,798,690,545,950,957,564,902,395,967,602,757,411,989,755,760,588,860,540,180,955,451,997,979,231,886,767,961,679,751,498,866,935,885,368,142,542,545,1000,123,150,953,973,768,667,585,843,934,239,856,697,659,125,18,3,115,970,927,585,4,197
nidoran-f,168,149,66,342,124,40,59,5,0,1000,1000,50,1000,998,363,336,88,3,586,101,661,150,619,120,450,273,126,5,0,135,3,571,187,1,394,7,154,1,370,137,628,45,34,23,17,489,171,266,57,818,132,370,76,412,18,488,102,41,0,243,27,3,0,113,25,381,114,56,329,95,23,422,13,14,3,0,230,35,166,36,209,4,253,256,25,148,15,269,11,105,0,496,252,115,282,365,82,48,3,274,23,90,0,433,73,146,31,65,38,1,45,2,884,157,5,161,73,139,19,158,5,411,297,143,72,8,3,11,1000,0,2,572,59,26,85,38,259,56,0,17,1,14,1,0,0,0,280,146,23,0,86
nidorina,341,289,165,640,376,128,452,62,8,1000,1000,168,1000,1000,654,526,253,32,827,312,869,336,904,338,758,529,443,24,865,0,23,929,542,5,610,31,312,21,674,351,899,171,91,56,53,780,390,710,198,964,377,695,197,860,158,727,304,145,4,555,150,27,0,238,80,690,468,298,580,327,84,675,98,101,15,1,480,158,554,141,630,86,485,566,97,522,94,585,139,404,2,632,435,247,580,784,249,276,24,642,139,131,17,757,276,287,154,212,151,16,173,17,963,309,18,349,268,388,113,386,58,633,528,457,246,58,40,76,1000,14,11,790,475,142,255,206,550,277,7,209,8,90,5,0,0,4,699,378,78,0,115
nidoqueen,881,897,814,902,597,286,988,801,317,1000,1000,519,1000,1000,996,734,612,274,998,836,999,790,995,777,901,745,963,651,997,977,0,999,984,267,927,318,660,112,977,871,993,705,730,622,291,989,907,994,788,998,889,974,734,995,808,992,777,503,48,934,720,596,0,567,375,955,946,820,973,863,654,988,463,708,306,62,847,488,984,829,946,636,916,973,506,953,789,931,564,889,122,817,691,542,976,989,833,808,404,977,699,680,266,996,862,686,563,765,636,331,846,249,998,952,183,938,892,947,719,865,779,970,865,900,464,173,380,444,1000,153,258,951,944,862,791,767,945,969,253,930,464,557,166,12,0,120,990,977,580,26,282
nidoran-m,197,115,64,311,83,18,95,1,0,997,1000,59,1000,1000,235,285,67,1,442,85,505,107,544,95,405,190,67,0,429,71,1,0,126,0,309,5,137,1,325,125,475,20,42,22,16,393,97,348,39,657,71,255,25,332,23,342,96,31,0,202,18,0,0,87,33,312,173,34,265,64,25,397,19,14,3,0,175,30,140,19,289,6,194,165,13,204,19,299,19,79,0,444,236,99,154,454,57,57,5,189,16,102,0,361,84,84,15,49,13,2,23,1,922,120,3,137,63,75,13,148,0,367,215,57,69,17,6,7,1000,0,0,693,31,17,40,31,253,32,0,5,0,9,0,0,0,0,318,138,32,0,55
nidorino,342,360,149,646,297,90,404,84,4,1000,1000,147,1000,1000,506,604,246,16,796,290,789,289,897,305,704,506,343,23,813,458,16,874,0,5,623,47,368,15,655,299,836,117,77,83,60,693,310,732,177,900,285,617,169,833,113,625,183,245,0,496,117,27,0,222,58,584,372,214,517,265,100,671,116,58,10,0,417,127,484,126,606,54,462,436,64,567,106,590,122,337,2,598,418,219,459,749,236,196,27,516,111,173,6,664,255,232,118,181,150,36,124,11,982,365,9,473,232,416,64,381,30,627,423,333,179,51,23,46,1000,4,19,784,377,135,218,173,530,224,7,155,7,58,7,0,0,1,694,395,68,0,94
nidoking,941,949,923,951,817,376,987,893,625,1000,1000,646,1000,1000,999,839,757,386,1000,909,1000,853,996,933,931,869,975,716,999,995,733,1000,995,0,954,467,761,199,986,910,991,774,810,738,471,988,922,992,813,1000,913,992,812,997,917,998,830,664,81,944,773,775,0,662,458,985,975,937,977,906,772,994,648,794,481,65,909,636,994,791,959,716,969,987,598,961,816,967,698,924,170,953,772,679,969,992,850,876,501,992,792,858,376,995,870,733,808,887,789,460,882,295,1000,954,252,952,923,975,833,933,809,968,891,923,603,295,609,530,1000,443,341,964,976,877,858,874,975,987,310,968,770,657,171,60,4,256,998,996,781,46,253
clefairy,262,254,122,657,443,234,264,119,45,959,851,118,861,847,399,363,216,48,627,238,692,285,612,223,570,413,170,29,574,344,55,654,345,32,0,28,307,47,382,218,708,238,219,116,53,655,381,466,215,510,134,451,147,611,181,544,229,154,21,401,144,80,0,144,48,459,262,147,438,258,92,510,121,155,54,5,457,201,434,137,292,66,340,364,88,234,52,212,21,347,43,487,328,223,439,464,137,185,85,376,86,95,14,487,135,234,147,229,141,60,262,39,526,334,32,366,308,289,110,264,133,566,447,202,175,163,106,77,971,25,27,443,156,115,197,194,439,337,43,238,110,104,3,8,1,55,387,262,102,1,77
clefable,893,797,659,963,914,798,935,869,637,966,932,481,969,945,897,764,582,417,959,829,954,826,961,867,953,948,877,561,962,917,627,958,902,484,852,0,661,338,928,898,971,796,872,843,674,962,883,946,795,945,625,929,756,969,851,926,794,651,244,928,824,606,0,523,362,945,908,845,939,901,691,941,764,713,545,349,926,807,945,863,940,689,886,872,598,907,772,786,490,922,517,844,790,700,935,947,740,832,562,929,716,712,598,945,747,675,755,842,811,612,852,617,916,874,365,927,921,876,658,834,863,959,865,808,792,723,695,555,977,445,513,789,921,809,864,824,926,950,673,924,744,669,262,215,203,659,937,864,667,129,377
vulpix,67,69,16,287,78,34,528,373,116,566,458,33,556,498,66,410,153,24,366,114,421,149,446,137,407,269,540,219,406,233,66,471,214,52,163,13,0,7,151,89,418,65,32,20,19,74,26,164,36,396,117,244,66,585,210,216,63,86,3,488,310,43,0,59,33,273,128,72,189,98,24,496,215,489,433,337,127,53,518,303,236,27,262,250,39,329,28,345,83,630,83,332,178,92,688,222,43,626,314,244,46,82,9,462,230,23,15,127,196,79,613,428,267,155,5,712,614,521,134,556,357,158,97,10,77,44,31,47,723,55,19,221,147,227,50,54,249,675,512,629,406,108,10,0,0,4,384,167,77,4,16
ninetales,96,73,39,248,170,45,364,299,145,349,194,59,377,208,106,271,141,25,447,188,452,141,342,160,390,194,506,242,297,178,162,330,238,131,120,17,120,0,198,31,403,100,31,20,9,155,43,145,67,603,216,374,100,407,197,441,200,105,2,453,318,137,42,132,38,332,223,106,238,92,30,343,152,453,447,294,163,49,328,133,202,52,229,364,85,281,22,193,38,489,123,387,237,90,518,201,55,483,297,293,90,46,10,345,187,190,141,65,222,48,495,456,226,92,22,498,361,397,228,410,202,114,111,104,99,46,22,41,521,100,12,52,224,154,92,58,197,509,423,499,493,140,1,0,1,5,308,165,42,0,2
jigglypuff,341,387,190,647,356,109,172,49,7,1000,1000,136,1000,999,380,412,215,27,524,177,577,194,693,254,571,394,135,14,602,305,20,635,330,13,446,35,404,38,0,226,706,116,111,101,66,448,187,520,140,533,99,396,103,550,110,553,248,164,13,389,122,54,0,146,57,362,273,170,462,253,121,580,98,30,6,1,415,161,300,36,386,81,242,299,41,367,67,380,55,171,4,598,418,253,294,451,121,126,22,400,79,117,9,267,63,149,135,86,51,25,39,1,864,404,9,260,192,202,76,295,35,454,321,180,133,119,49,45,1000,19,12,771,120,72,170,130,355,99,4,109,14,57,1,1,1,19,493,355,92,0,172
wigglytuff,481,390,243,803,625,309,570,212,88,1000,1000,179,949,1000,728,389,253,72,875,499,908,544,770,398,757,559,396,61,854,635,126,866,694,84,555,51,378,59,764,0,895,357,317,240,66,903,630,677,297,776,244,746,385,860,334,773,535,279,44,589,272,201,0,273,118,782,635,428,769,493,202,676,207,232,86,18,692,379,564,186,621,210,571,620,203,606,221,416,63,488,30,650,432,326,614,703,260,337,105,711,303,191,53,809,370,424,396,353,312,64,408,101,704,453,58,394,281,571,288,418,198,741,632,501,351,237,159,149,999,56,30,795,434,200,385,319,635,487,32,346,164,254,36,11,11,122,570,441,139,10,264
zubat,74,57,34,288,115,60,96,9,1,981,1000,57,1000,1000,167,308,90,7,376,118,494,144,593,165,724,702,56,2,372,101,7,525,164,9,257,9,169,12,273,105,0,53,31,19,31,185,67,191,24,548,85,221,48,350,37,231,55,57,3,202,36,6,0,73,32,189,95,57,236,123,50,392,42,38,18,5,255,75,107,14,447,50,216,212,37,126,47,369,64,95,2,382,249,129,164,366,69,112,15,255,70,13,2,207,56,57,33,39,47,10,69,16,820,62,9,136,62,94,35,123,6,328,261,106,265,34,19,28,1000,17,5,643,66,11,121,107,241,112,6,90,24,54,1,0,0,4,344,167,69,3,75
golbat,308,291,179,932,737,437,752,452,258,1000,1000,376,1000,1000,646,659,529,179,953,560,978,618,966,770,990,994,579,221,955,829,295,980,883,226,725,154,593,124,883,642,947,0,112,122,94,674,403,840,447,926,522,855,421,958,591,755,345,543,61,781,489,140,187,345,171,579,466,330,425,268,230,926,411,446,239,93,823,521,795,435,906,683,767,856,303,867,663,845,529,685,125,777,583,449,874,895,544,496,244,843,453,156,67,846,480,415,387,487,418,310,566,172,948,381,108,705,669,695,456,714,262,847,680,662,797,246,297,200,1000,237,203,775,627,485,640,660,808,843,206,679,409,516,122,73,88,347,852,742,439,27,207
oddish,683,762,586,964,874,814,262,109,15,1000,1000,600,1000,1000,947,729,684,546,884,523,978,852,966,876,759,483,817,298,966,909,270,958,923,190,750,98,628,388,884,675,969,888,0,350,232,875,529,962,825,616,166,785,431,761,171,622,274,619,293,294,97,6,0,273,153,660,431,208,835,696,490,577,280,691,235,61,850,737,675,177,703,226,765,904,624,375,334,976,825,839,556,782,743,681,908,668,298,655,238,554,135,650,22,602,209,80,114,617,745,721,764,178,657,789,68,568,402,428,100,434,195,796,848,576,154,679,698,280,1000,79,65,554,454,64,151,621,689,485,87,497,275,581,15,383,61,926,799,698,566,41,177
gloom,747,858,663,970,905,833,360,122,18,1000,1000,518,1000,1000,962,714,654,466,928,606,986,911,952,836,833,547,918,435,977,944,378,978,917,262,862,113,620,314,892,755,981,878,650,0,203,858,637,970,833,781,234,845,537,864,251,614,336,597,295,394,131,5,0,358,191,736,496,209,858,694,550,589,254,810,538,116,894,759,746,316,759,307,761,950,677,489,409,971,801,895,529,775,730,624,956,779,375,660,306,688,173,767,45,847,325,101,177,720,854,686,845,371,623,880,119,559,467,487,128,422,270,834,868,648,174,615,656,393,1000,70,59,608,548,98,210,605,778,734,105,582,330,629,21,323,74,934,809,716,642,66,213
vileplume,894,959,872,987,950,849,785,400,160,1000,1000,543,1000,1000,948,670,625,531,973,827,987,947,964,896,954,869,971,732,983,947,709,984,940,529,928,271,644,409,928,931,969,906,768,797,0,924,842,980,861,872,481,922,783,960,588,773,603,634,355,620,352,38,0,493,331,837,784,486,920,808,724,765,417,927,767,496,928,838,935,619,959,633,824,952,806,784,759,976,915,963,709,743,727,699,994,952,648,786,515,890,472,897,161,969,714,321,445,886,884,837,968,716,768,945,362,771,689,686,325,662,538,937,852,810,447,719,775,632,1000,196,183,770,745,277,557,740,948,889,280,816,682,740,77,535,331,900,932,857,739,180,391
paras,411,469,203,845,604,458,134,24,6,975,999,129,999,1000,556,509,355,79,647,176,897,566,724,305,648,409,45,7,505,218,11,606,303,12,315,8,505,86,519,97,815,326,124,137,71,0,170,359,98,346,81,451,116,375,57,583,208,315,37,257,61,15,0,89,66,306,205,120,492,251,119,508,82,31,3,0,546,276,138,10,364,55,419,650,250,335,45,362,36,145,2,534,353,197,124,320,84,93,21,446,102,217,2,133,11,228,138,60,81,14,49,2,912,200,22,146,60,237,84,221,12,285,372,222,192,315,27,56,999,29,6,459,141,24,192,239,265,115,9,147,55,257,0,6,28,651,459,269,90,0,82
parasect,719,753,530,950,858,765,394,151,50,999,1000,295,1000,1000,864,594,496,219,864,503,987,828,906,604,919,846,278,37,826,603,88,900,687,75,589,75,632,185,803,368,933,597,460,349,152,830,0,694,341,632,167,797,386,792,274,810,466,510,103,565,223,101,0,236,138,642,471,348,784,576,329,728,267,134,15,2,830,599,441,97,743,280,710,916,590,751,261,689,165,386,8,690,552,414,354,636,238,241,69,803,361,462,40,337,86,442,451,248,270,112,273,14,942,494,74,309,247,450,245,441,115,625,663,568,486,566,134,190,1000,99,36,554,452,183,501,593,596,390,54,425,215,581,18,77,181,894,751,559,278,14,116
venonat,57,35,22,730,418,237,249,37,12,1000,1000,103,1000,1000,400,494,258,38,605,120,896,464,702,203,554,318,448,36,734,290,6,652,268,8,486,13,322,28,447,311,809,160,38,30,20,637,298,0,132,622,91,377,76,347,38,165,17,187,10,289,55,1,0,9,1,120,37,6,249,77,54,402,45,324,108,19,455,148,55,12,399,64,295,553,138,191,19,525,61,702,63,636,504,305,603,138,13,320,79,308,42,51,1,528,128,32,8,115,269,52,291,42,652,249,9,486,348,225,40,293,7,133,434,38,79,104,216,28,1000,13,2,588,73,44,61,110,203,459,33,214,39,169,0,2,1,243,358,152,67,0,112
venomoth,279,212,128,964,848,539,734,459,199,1000,1000,463,1000,1000,842,705,575,210,912,422,981,779,941,677,917,755,809,420,943,802,212,961,823,187,746,157,591,138,843,694,976,553,175,167,139,901,651,868,0,886,338,780,335,849,342,550,82,544,71,719,455,24,39,74,17,455,209,73,484,364,234,867,319,636,443,182,780,508,319,81,852,479,713,902,401,730,294,869,505,905,501,842,662,569,920,407,89,789,445,718,260,200,18,849,471,129,68,491,641,441,699,309,858,636,73,867,875,715,317,774,141,432,756,172,322,358,637,186,1000,130,87,746,501,418,327,415,599,879,364,721,369,394,6,61,53,694,839,649,339,0,179
diglett,678,590,305,518,229,34,587,361,193,967,1000,378,814,995,318,573,320,24,655,145,677,161,390,54,635,233,94,12,182,36,2,343,100,0,473,38,406,14,419,223,452,74,379,217,126,654,368,375,113,0,79,464,85,794,364,574,133,194,9,689,364,121,473,214,91,411,193,121,533,366,179,629,53,1,1,0,317,62,515,264,440,121,381,429,30,684,621,125,1,600,204,621,244,68,56,564,167,398,211,285,94,644,94,203,78,295,75,148,11,2,11,1,948,609,33,688,553,632,304,678,157,625,267,417,126,152,80,29,1000,191,376,701,261,411,158,164,413,180,11,209,68,2,13,48,0,15,610,437,158,1,111
dugtrio,953,947,844,841,635,434,889,796,656,1000,1000,690,987,1000,906,854,717,446,941,753,938,740,906,506,882,786,697,278,866,614,110,927,709,86,850,344,746,382,899,756,915,478,834,762,507,919,833,908,659,921,0,910,665,960,858,930,716,676,231,924,800,561,615,735,459,826,729,562,914,774,614,920,588,93,19,4,828,580,922,755,847,526,777,841,477,944,870,638,140,888,671,858,693,499,457,922,657,766,623,909,447,911,516,731,381,659,425,656,230,72,297,33,991,934,259,884,889,858,757,872,789,924,759,834,605,440,421,452,1000,605,706,784,773,849,630,647,848,800,255,752,458,156,137,393,116,325,946,876,604,29,280
meowth,493,500,257,614,287,54,311,90,14,999,1000,248,997,1000,524,624,293,20,745,168,767,183,758,271,660,333,173,7,624,299,26,744,380,8,533,46,432,17,568,254,779,145,215,151,76,549,203,615,212,536,90,0,102,701,164,799,255,219,3,485,133,93,211,197,74,595,449,272,586,328,162,717,76,28,4,0,378,111,304,71,517,113,359,431,32,434,113,515,75,284,3,731,397,202,338,554,185,205,42,369,82,233,4,233,51,325,323,166,78,13,87,11,972,360,8,444,281,348,117,483,11,551,366,130,141,36,62,36,1000,28,19,715,274,121,137,191,402,186,7,203,52,33,9,0,0,6,607,436,140,0,95
persian,813,804,596,904,708,375,787,473,252,1000,1000,516,1000,1000,886,724,594,253,951,666,955,630,952,678,929,864,605,180,920,796,260,974,831,186,832,202,662,237,890,615,952,579,563,459,212,884,614,921,652,915,335,898,0,945,597,937,758,511,92,846,561,422,622,638,229,884,793,678,863,708,463,930,491,265,87,17,823,537,745,409,858,474,714,821,344,829,483,793,377,745,67,863,727,578,771,875,501,545,210,882,382,552,114,712,281,707,660,539,393,189,387,84,992,737,118,786,704,728,444,779,371,905,737,716,640,394,341,277,1000,178,126,819,709,521,578,595,768,709,116,650,323,270,116,22,22,212,876,778,373,9,216
psyduck,573,398,200,202,67,26,336,31,3,1000,1000,118,998,1000,340,382,118,6,539,96,591,157,565,67,491,289,237,5,575,139,5,664,163,3,352,3,68,0,432,140,650,42,232,132,37,625,208,643,147,206,40,299,55,0,32,356,81,28,5,421,87,12,0,67,21,368,170,72,659,299,73,495,24,82,9,3,134,19,165,22,421,19,182,246,24,284,34,292,13,564,20,549,302,172,255,334,37,416,36,264,27,172,0,181,17,103,18,53,62,5,133,12,831,509,4,665,505,213,20,393,3,301,334,35,62,7,82,19,1000,5,3,748,71,28,50,28,282,296,7,260,26,13,2,0,0,0,463,168,21,0,67
golduck,890,818,706,744,459,137,932,651,251,1000,1000,441,1000,1000,900,674,445,91,970,544,964,578,944,581,936,795,783,242,980,833,185,974,884,82,798,91,439,37,885,666,963,409,824,733,396,943,726,959,648,636,142,836,403,968,0,866,409,320,16,911,620,320,0,272,112,791,636,437,940,815,527,945,330,369,105,25,594,253,801,361,890,461,697,870,239,858,418,751,210,883,324,863,623,449,796,824,348,838,437,832,330,507,38,638,220,361,386,460,509,157,614,126,939,920,48,975,967,857,483,882,476,788,771,489,441,45,504,171,1000,106,112,879,662,471,493,335,839,923,288,913,442,211,25,1,3,31,882,724,243,5,158
mankey,578,527,238,610,127,34,312,136,10,953,996,416,1000,997,467,641,202,31,378,105,766,398,817,328,508,592,129,25,510,270,6,654,374,2,443,43,545,24,405,227,769,245,376,382,221,417,190,828,441,426,70,201,63,644,134,0,140,278,7,306,97,45,0,418,264,539,392,266,633,384,229,767,174,47,12,4,274,138,496,168,532,124,420,288,44,362,60,608,173,327,15,616,441,308,192,663,288,211,32,253,79,367,8,310,144,147,75,142,187,68,61,8,931,367,12,568,325,363,131,339,12,652,236,55,195,86,59,25,999,23,35,781,215,93,235,183,483,218,23,248,20,81,22,0,0,54,500,422,107,7,160
primeape,858,884,785,901,678,257,751,492,211,999,1000,621,1000,1000,877,773,626,173,849,329,966,688,945,745,940,888,507,136,896,691,215,903,816,165,761,189,677,150,731,465,945,655,721,658,394,792,534,981,913,867,284,745,242,919,591,860,0,569,74,799,531,299,514,632,504,888,806,595,866,748,659,969,526,166,69,19,740,344,864,543,833,491,578,827,244,752,337,867,500,720,92,888,727,534,633,915,650,569,220,597,241,703,50,622,342,746,532,458,416,296,306,44,977,772,70,880,888,737,406,828,323,964,559,392,551,507,320,111,1000,201,131,858,557,495,645,524,713,711,134,620,289,235,56,45,33,703,785,713,363,60,206
growlithe,214,163,36,421,199,38,603,438,175,622,498,88,618,506,133,515,264,62,581,227,564,226,551,200,500,305,581,323,525,366,166,590,345,103,303,24,258,12,391,138,593,118,92,55,40,225,54,287,69,600,201,437,164,598,300,439,157,0,3,573,394,135,0,145,56,500,318,180,373,164,38,570,258,499,450,325,256,88,503,332,373,50,305,447,76,415,56,425,92,617,132,491,337,191,619,382,68,594,371,446,134,152,7,531,268,115,91,182,333,96,583,501,369,207,18,674,609,515,262,609,459,223,164,68,143,62,28,71,682,107,14,390,336,264,124,59,329,668,491,619,424,165,6,0,0,3,505,273,73,0,28
arcanine,273,213,128,391,293,147,489,363,262,474,392,209,535,349,279,410,285,127,537,295,538,267,484,307,466,360,519,362,476,321,294,486,387,313,301,102,332,60,374,143,552,268,177,131,79,320,164,304,222,638,331,527,297,489,320,487,388,274,0,592,437,305,233,262,155,482,362,302,378,271,125,543,265,507,470,436,356,200,449,242,364,189,360,436,192,419,140,352,140,517,199,496,354,222,541,339,173,539,392,439,244,162,56,437,353,331,288,200,388,194,502,473,305,205,103,558,462,478,346,548,364,309,212,252,296,271,132,147,577,248,59,281,390,271,273,225,308,504,519,550,481,282,34,6,3,96,431,346,135,6,30
poliwag,847,819,591,377,150,45,386,154,28,1000,1000,234,999,1000,435,667,391,52,774,221,776,274,789,337,811,575,529,138,751,438,64,790,500,55,582,47,209,6,590,411,798,219,699,596,368,743,435,701,264,311,76,515,154,579,89,694,201,132,4,0,184,68,150,155,70,581,359,180,861,733,504,662,54,258,125,44,204,50,368,94,670,262,423,555,65,255,30,606,106,662,18,732,403,197,664,540,150,453,131,611,256,801,142,355,87,162,138,252,311,123,405,118,829,869,33,849,813,326,57,637,77,602,295,60,319,12,225,92,1000,19,4,728,253,62,282,72,508,394,44,418,91,51,0,2,6,5,658,467,128,2,103
poliwhirl,952,942,916,624,394,135,827,478,158,1000,1000,419,1000,1000,808,757,575,163,972,525,970,571,955,643,946,844,839,409,970,846,272,979,878,221,836,139,368,32,869,728,964,511,902,863,642,939,777,938,534,636,200,867,439,913,380,903,469,264,16,816,0,259,137,238,138,877,700,495,968,920,746,879,233,497,277,120,509,174,759,364,915,557,742,867,284,707,141,833,296,889,91,873,617,411,899,820,381,784,382,891,576,896,383,671,287,468,374,564,629,306,760,347,905,976,100,964,967,737,331,884,510,846,625,373,585,44,505,264,1000,81,59,834,664,313,667,246,817,841,216,821,329,281,19,8,44,27,894,761,354,15,159
poliwrath,993,979,957,938,608,360,983,844,360,1000,1000,594,1000,1000,972,851,634,376,959,689,991,913,996,851,997,992,926,520,995,970,399,1000,973,220,916,356,738,227,943,799,994,860,994,995,956,985,899,998,974,879,439,907,578,988,680,955,701,640,88,932,741,0,0,721,646,993,964,877,991,983,957,988,864,680,388,154,764,492,986,875,981,728,869,938,610,889,457,955,722,946,182,911,826,733,898,994,874,920,497,960,665,939,393,880,507,850,584,779,820,575,800,348,993,984,189,1000,995,972,806,938,904,994,763,610,906,297,504,388,1000,339,319,871,863,771,947,663,911,962,533,952,443,577,179,81,560,553,972,888,486,236,314
abra,0,0,0,0,0,0,0,0,0,0,0,0,0,0,0,0,0,0,0,0,0,0,0,0,0,0,0,0,0,0,0,0,0,0,0,0,0,0,0,0,0,0,0,0,0,0,0,0,0,0,0,0,0,0,0,0,0,0,0,0,0,0,0,0,0,0,0,0,0,0,0,0,0,0,0,0,0,0,0,0,0,0,0,0,0,0,0,0,0,0,0,0,0,0,0,0,0,0,0,0,0,0,0,0,0,0,0,0,0,0,0,0,0,0,0,0,0,0,0,0,0,0,0,0,0,0,0,0,0,0,0,0,0,0,0,0,0,0,0,0,0,0,0,0,0,0,0,0,0,0,0
kadabra,482,388,234,592,432,220,539,355,159,747,760,557,703,726,542,630,463,228,688,349,713,347,581,336,619,464,628,327,595,448,134,632,453,109,444,96,458,143,571,364,649,311,426,340,178,698,541,734,608,583,135,574,162,598,334,290,66,424,130,570,463,8,40,0,52,274,93,30,650,445,247,455,162,542,373,160,484,239,319,68,625,474,318,628,156,444,182,487,186,743,508,686,690,512,681,182,31,637,411,530,172,339,15,469,262,24,19,339,457,264,536,244,104,637,83,717,616,472,225,595,61,219,494,27,249,220,582,142,764,106,91,411,339,190,196,192,509,602,324,592,325,104,15,16,54,180,568,446,236,7,32
alakazam,596,486,354,711,522,369,620,463,276,737,729,589,755,753,642,684,513,337,730,479,713,479,675,446,689,589,708,447,674,593,277,700,598,256,528,197,544,238,667,467,693,436,566,449,334,716,619,775,696,695,330,702,440,648,474,406,138,499,205,667,521,30,58,271,0,395,229,74,716,542,386,551,284,645,417,237,599,457,413,155,682,557,530,666,407,518,328,598,275,732,639,697,680,627,698,266,85,642,495,631,313,440,46,598,363,55,35,453,583,392,641,399,131,692,160,703,637,612,346,667,261,298,635,76,413,338,619,368,777,231,151,469,472,306,382,326,561,675,466,704,483,230,23,85,136,343,689,555,316,16,46
machop,488,590,362,509,216,58,260,82,29,984,1000,391,997,1000,625,465,263,24,590,207,828,533,739,390,534,535,95,10,560,280,40,656,378,12,496,29,353,32,493,206,776,393,335,241,153,676,332,846,496,543,151,363,101,590,193,402,104,128,10,393,108,6,0,421,225,0,206,97,574,381,237,698,222,99,30,2,361,137,603,276,395,104,357,454,115,258,108,678,132,239,24,698,515,387,347,643,207,202,76,363,86,293,4,403,139,247,36,259,192,77,125,7,726,429,13,445,387,348,124,372,65,761,346,111,232,116,95,29,999,38,18,708,140,95,323,100,416,301,18,233,72,105,18,12,0,113,447,427,133,7,103
machoke,749,791,593,772,446,163,665,209,90,999,1000,423,1000,1000,825,577,395,107,727,348,914,677,861,547,848,808,439,42,881,525,51,821,624,24,723,60,504,65,703,365,905,534,564,499,213,795,529,963,782,807,271,551,207,830,364,608,194,266,22,641,300,36,0,552,343,772,0,207,842,565,466,884,421,186,82,16,573,271,845,560,709,213,474,636,207,553,208,795,308,634,54,765,668,496,561,870,497,311,122,574,194,549,12,630,287,416,145,398,372,136,238,37,925,648,22,688,704,540,257,586,255,937,451,304,483,239,183,81,1000,51,32,708,248,230,576,224,626,638,52,419,166,222,25,11,9,426,519,560,242,15,163
machamp,880,856,757,913,684,328,860,476,221,1000,1000,501,1000,1000,888,640,506,274,833,472,965,777,946,689,944,965,631,119,943,691,173,966,780,59,830,111,558,183,813,572,943,670,788,786,507,880,652,994,923,879,438,728,322,928,563,734,405,407,61,820,505,123,0,632,504,894,793,0,925,751,663,958,660,332,151,46,762,455,950,791,905,447,593,805,368,803,409,877,631,828,102,782,683,566,717,935,663,679,226,774,342,735,48,790,454,582,341,559,545,246,413,91,973,792,32,902,905,723,445,802,618,986,629,414,664,437,283,176,1000,148,131,854,559,494,788,396,848,846,199,752,299,330,80,16,133,759,848,667,348,77,219
bellsprout,351,454,269,714,421,361,65,11,1,988,1000,402,1000,1000,719,606,385,132,565,221,826,493,829,508,361,202,372,63,666,414,27,735,470,22,525,24,482,121,482,220,761,574,162,140,78,496,209,750,516,463,84,409,130,325,55,360,127,290,62,135,29,8,0,138,71,353,153,71,0,264,137,408,121,268,111,17,545,289,213,65,218,27,427,565,181,153,73,765,313,263,25,642,532,379,450,411,126,159,40,232,38,283,1,371,82,81,60,215,334,139,279,64,920,261,14,165,58,174,38,165,41,465,557,345,70,270,145,49,996,21,6,555,120,34,73,255,309,126,7,112,27,167,11,63,2,435,433,330,236,1,115
weepinbell,642,704,507,892,691,614,278,66,9,998,1000,509,1000,1000,846,693,523,273,776,443,930,696,937,660,667,422,579,186,900,665,133,934,733,89,721,65,579,244,718,493,876,731,301,302,186,739,406,920,636,629,222,650,284,682,166,606,242,473,109,258,77,16,0,291,178,561,422,237,731,0,327,559,192,359,236,68,733,508,521,211,585,113,650,779,384,467,179,881,656,530,63,717,665,524,641,791,280,391,92,506,135,549,19,560,255,259,161,403,562,299,454,175,990,497,45,287,174,306,109,299,123,668,718,623,217,473,295,128,1000,48,36,745,457,109,226,489,610,279,24,291,99,358,23,130,19,734,792,523,385,12,152
victreebel,794,902,740,971,858,726,562,313,76,1000,1000,542,1000,1000,906,760,576,397,904,614,988,868,965,788,879,781,847,602,977,910,332,972,897,218,894,260,698,288,870,783,949,768,504,447,270,875,647,946,763,815,370,828,521,922,443,759,327,691,215,479,237,32,0,509,305,699,505,309,853,659,0,728,291,628,536,279,872,723,846,519,854,436,842,900,588,768,488,942,826,801,342,694,646,591,892,925,672,625,260,760,335,786,171,851,535,266,216,645,710,622,767,465,982,875,105,593,435,597,309,448,360,884,808,688,362,561,456,267,1000,89,134,767,719,431,520,748,817,627,178,620,367,579,80,352,75,829,888,734,526,93,255
tentacool,501,419,222,248,47,14,341,136,10,998,1000,142,1000,1000,115,520,223,28,448,116,602,174,657,160,792,723,625,199,574,314,10,599,325,6,449,31,88,2,389,315,604,68,423,409,229,488,266,590,129,367,79,273,66,487,50,231,28,50,0,328,113,12,0,179,97,250,110,38,582,436,256,0,51,322,159,43,132,26,582,282,674,181,271,326,44,224,38,605,201,735,42,396,223,104,713,572,185,444,68,418,181,630,68,456,184,7,5,177,262,127,468,139,666,759,4,910,848,243,43,574,340,557,229,21,219,5,69,41,1000,10,18,657,126,134,210,42,503,406,48,412,41,23,3,0,14,0,544,258,64,4,73
tentacruel,791,776,749,790,507,161,946,758,419,1000,1000,357,1000,1000,760,676,568,237,973,742,982,700,955,734,992,970,963,767,987,902,522,981,882,341,857,176,377,44,893,788,958,585,717,742,578,915,731,951,679,945,408,922,498,972,649,818,457,309,31,946,760,123,256,484,306,748,558,319,871,799,701,944,0,782,590,356,723,229,965,878,944,741,788,901,369,824,346,916,704,939,415,770,607,393,986,959,697,904,601,921,584,815,388,939,660,258,201,678,725,546,898,611,866,961,156,993,995,861,478,951,975,965,680,643,650,86,504,307,1000,139,169,876,718,759,738,254,943,964,560,939,589,314,42,7,192,95,925,766,433,88,316
geodude,844,971,953,468,337,234,630,509,327,1000,1000,298,999,1000,944,710,483,174,993,857,919,586,768,374,709,271,792,260,986,889,281,984,936,197,827,241,287,67,969,768,962,554,299,190,72,969,866,668,357,999,907,972,735,918,631,953,834,239,34,742,503,320,0,268,140,901,814,668,732,639,369,667,212,0,112,14,415,239,724,283,531,231,753,655,194,514,528,379,119,431,266,708,590,426,846,697,317,797,444,900,527,708,360,991,823,687,380,704,191,41,683,139,992,923,214,517,471,925,783,580,384,687,916,800,359,92,408,464,1000,193,213,528,890,601,623,380,467,608,85,557,687,364,173,16,0,16,793,869,556,2,103
graveler,933,976,980,552,373,291,848,677,681,1000,1000,500,1000,1000,989,730,591,320,998,976,975,725,914,563,760,653,931,581,994,980,674,996,988,505,935,415,347,101,994,913,982,761,762,447,228,997,985,886,550,999,981,996,913,991,895,988,931,310,81,875,723,612,0,403,331,969,918,849,885,753,452,834,405,888,0,63,592,342,917,662,758,402,931,830,376,754,551,784,177,697,326,792,719,559,941,875,536,910,687,978,779,831,553,999,945,873,576,949,463,135,977,413,996,972,436,712,765,985,887,794,645,828,982,911,517,116,661,721,1000,408,284,706,959,827,649,455,730,885,254,786,942,596,489,49,0,53,912,948,722,24,176
golem,991,994,994,671,536,319,992,908,939,1000,1000,592,1000,1000,999,721,675,469,1000,996,992,906,980,846,894,849,989,900,1000,998,926,1000,1000,926,986,604,413,194,999,981,995,907,937,882,495,1000,998,980,817,1000,996,1000,983,997,975,996,981,440,127,956,880,846,0,617,535,998,984,954,982,927,705,950,640,986,937,0,823,558,993,918,950,699,982,941,675,943,826,920,415,919,493,850,820,710,988,979,790,990,912,1000,963,958,826,1000,998,973,724,986,811,349,1000,920,997,997,758,921,934,995,971,903,904,972,1000,954,800,230,902,917,1000,650,432,805,986,954,863,652,953,995,487,946,999,869,812,127,27,266,985,989,904,126,446
ponyta,327,257,136,719,405,88,757,486,188,996,1000,212,983,1000,272,625,392,36,765,229,795,253,747,316,722,464,621,210,735,468,124,795,522,78,484,37,436,48,497,283,705,160,135,95,61,400,138,496,188,639,150,569,153,850,385,657,196,304,8,757,459,203,189,199,105,543,362,196,387,226,112,845,236,577,393,175,0,143,677,340,515,142,391,537,63,447,98,539,135,701,83,637,299,175,910,525,201,714,348,482,112,207,22,600,235,335,236,218,242,61,650,351,749,323,17,910,912,678,278,835,466,562,308,123,176,110,63,49,1000,83,39,645,331,381,155,189,456,868,501,789,511,95,10,0,0,16,631,431,134,0,112
rapidash,473,495,285,912,765,400,949,824,525,999,1000,405,992,1000,541,741,573,265,952,641,954,664,927,648,935,759,869,570,942,802,458,963,844,321,749,141,600,186,777,592,905,453,251,211,146,652,356,809,451,915,392,862,422,973,719,794,599,515,83,936,813,467,411,492,216,800,656,475,663,428,244,961,740,750,640,430,794,0,910,736,802,344,652,830,242,756,264,815,358,860,283,790,663,381,983,802,431,888,655,887,370,338,77,870,501,509,481,514,559,235,861,607,807,614,99,992,983,916,647,959,862,812,602,470,465,447,268,194,1000,296,164,759,644,762,436,440,745,970,798,936,769,358,50,2,17,168,839,726,340,9,196
slowpoke,617,518,300,338,138,39,574,221,37,1000,1000,321,989,1000,680,467,275,39,869,322,916,405,579,82,778,534,613,70,830,435,15,849,513,6,519,14,105,2,686,436,893,205,315,246,65,862,559,940,666,485,78,696,255,835,199,504,136,70,4,632,241,14,0,126,49,356,155,50,772,466,133,405,32,276,83,7,294,79,0,31,598,151,394,659,120,359,39,309,8,808,172,767,586,446,740,462,68,739,284,735,180,341,3,453,97,131,55,176,226,29,534,81,433,873,12,910,908,564,95,635,92,747,614,98,211,7,488,58,1000,17,11,743,255,79,224,55,568,725,73,695,161,81,1,0,0,3,564,402,66,0,128
slowbro,853,736,608,616,351,115,943,703,268,1000,1000,326,990,1000,897,515,368,136,980,707,988,779,843,370,973,915,819,414,959,850,168,977,868,208,741,65,227,11,964,812,986,565,814,672,364,990,903,987,909,736,245,929,591,978,639,832,457,193,17,906,635,125,0,341,168,710,440,209,927,769,455,699,112,717,338,82,629,246,969,0,884,511,732,924,459,696,171,667,60,901,391,771,651,527,932,807,403,934,633,944,622,653,209,788,342,361,238,565,517,155,893,385,516,971,83,984,964,885,440,881,799,990,878,463,640,42,687,345,1000,34,61,818,652,408,690,192,893,952,418,937,564,441,2,3,34,52,794,604,166,19,161
magnemite,573,526,280,673,326,92,385,80,24,1000,1000,55,987,1000,305,373,154,12,681,214,408,123,674,227,846,971,694,163,785,363,51,707,390,39,681,27,268,30,599,379,553,94,295,229,38,636,257,578,143,560,153,483,142,579,110,468,167,177,18,330,85,19,0,57,23,588,291,95,773,392,131,313,56,469,242,50,441,173,402,116,0,106,150,223,29,136,41,651,48,655,105,474,301,151,709,336,52,511,202,227,25,554,3,614,211,94,83,302,400,42,631,222,594,724,11,563,456,314,55,399,92,440,341,36,284,106,114,57,1000,17,7,396,161,73,122,92,366,571,41,457,194,29,12,0,2,6,432,403,105,1,63
magneton,891,895,659,980,781,353,853,575,231,1000,1000,228,1000,1000,749,698,424,105,973,659,816,373,985,641,996,1000,944,701,996,912,356,993,944,279,922,260,590,123,913,790,950,317,770,680,350,945,720,933,505,879,474,887,526,981,539,876,509,593,84,738,443,272,0,179,91,888,787,553,969,877,538,809,245,769,598,301,838,625,849,489,894,0,645,584,152,549,200,924,420,914,466,707,523,363,939,776,342,913,519,747,209,847,221,931,628,315,444,713,764,454,895,575,944,977,77,916,887,835,442,770,508,818,704,356,767,485,498,325,1000,24,78,773,792,579,601,564,738,944,370,889,649,156,9,0,6,43,920,810,293,7,117
farfetchd,428,417,195,655,377,172,604,308,50,978,1000,256,972,1000,374,664,367,111,775,387,762,345,826,407,935,980,418,40,745,511,82,803,535,31,643,84,386,81,728,429,784,233,233,238,173,581,290,697,278,619,223,641,286,818,303,580,422,345,24,577,258,131,0,381,166,627,526,407,561,337,148,720,201,247,69,18,564,285,606,268,850,355,0,497,108,704,373,636,183,521,17,632,464,316,565,771,276,364,82,692,313,306,35,462,220,335,216,333,255,99,345,91,962,417,34,596,557,405,190,510,142,715,454,433,629,164,124,114,999,52,107,666,510,234,503,294,676,600,109,509,138,200,61,10,26,59,756,503,205,4,156
doduo,370,249,74,652,252,73,417,190,10,988,1000,178,991,1000,279,694,424,50,823,307,857,284,814,257,822,823,413,60,738,430,25,832,561,12,614,98,536,34,681,380,788,144,96,50,43,350,84,442,93,571,159,569,179,754,130,712,173,291,12,445,133,62,0,184,75,517,364,195,428,219,95,667,95,345,170,59,417,145,341,76,777,416,503,0,61,472,334,617,122,562,133,585,421,255,803,588,210,446,88,630,263,239,7,398,105,106,102,265,218,49,469,110,940,296,14,567,257,510,182,392,53,494,285,409,545,81,20,69,1000,26,123,702,418,175,456,254,413,561,157,522,143,203,9,9,17,12,688,508,121,1,83
dodrio,659,662,411,950,816,533,903,673,439,999,1000,494,1000,1000,711,838,738,468,981,833,987,835,985,821,994,995,852,534,972,903,490,987,934,400,896,364,771,370,959,797,963,697,374,321,194,750,410,859,590,970,523,968,656,976,761,956,756,682,223,935,716,390,532,700,308,876,793,632,811,606,386,952,622,806,624,325,923,716,880,541,971,848,892,939,0,910,785,910,569,894,589,914,832,643,980,919,622,846,540,971,716,466,133,859,535,643,643,719,694,408,867,561,985,716,290,903,900,879,625,899,545,940,778,865,952,612,461,465,1000,311,413,842,870,674,843,749,859,957,517,903,796,613,111,263,425,416,944,888,545,7,245
seel,685,521,350,541,273,117,624,189,85,1000,1000,148,999,1000,417,439,239,52,702,193,773,272,702,176,814,619,585,97,845,466,45,787,424,39,587,35,269,38,604,392,868,133,618,503,209,652,244,803,258,304,54,559,167,712,142,606,239,205,29,738,286,107,0,141,62,697,436,189,828,506,223,758,172,486,245,57,517,215,634,278,861,447,286,522,84,0,3,557,92,838,9,546,301,158,729,599,141,577,150,480,95,506,37,333,80,182,96,199,256,65,609,209,547,833,32,940,927,461,105,724,536,641,307,100,113,51,130,54,1000,52,1,561,137,143,173,94,541,858,298,781,347,156,46,0,14,57,559,314,92,31,121
dewgong,777,726,507,969,849,546,953,795,276,1000,1000,306,1000,1000,868,616,334,85,941,572,812,378,947,560,974,938,886,454,979,902,203,974,888,177,757,128,561,149,922,768,950,330,651,583,235,952,728,980,690,372,128,880,507,965,576,921,641,562,111,969,854,531,0,372,155,881,780,576,918,801,489,957,639,472,449,174,880,706,958,762,959,798,617,658,208,932,0,794,316,984,462,721,562,361,878,934,528,886,553,874,424,562,137,393,160,487,648,482,648,287,779,442,774,943,44,994,952,848,470,949,991,932,670,733,405,327,415,214,1000,147,407,609,687,539,593,590,900,971,830,946,625,339,1,0,1,140,892,711,205,9,105
grimer,132,146,126,474,250,96,308,162,85,1000,1000,121,1000,1000,372,439,270,87,717,281,764,410,569,237,521,483,675,209,731,415,69,701,410,33,677,139,173,46,596,571,631,155,24,29,23,630,301,474,130,874,352,470,197,702,236,377,130,102,20,375,159,42,0,96,38,282,195,118,229,118,57,389,79,620,209,74,424,163,680,322,336,71,353,375,85,426,175,0,24,590,107,400,275,205,875,578,241,375,140,372,63,145,55,822,442,112,72,330,100,53,542,154,893,460,34,417,471,362,158,323,294,641,526,278,173,66,154,88,1000,43,52,496,238,422,275,131,400,392,75,303,173,96,23,2,0,40,407,422,185,2,118
muk,320,288,177,907,755,484,954,703,527,1000,1000,252,1000,1000,812,537,444,271,977,734,973,780,911,502,974,951,974,795,989,861,436,981,878,302,891,358,410,124,915,934,936,470,175,199,82,961,830,937,486,999,854,921,613,987,770,817,484,366,84,890,697,263,0,357,170,844,674,346,683,340,167,791,282,879,820,574,839,610,991,931,950,553,808,873,421,869,543,626,0,927,492,644,451,371,991,980,732,853,495,911,498,491,323,994,934,358,305,790,690,396,939,710,941,863,160,913,969,825,489,820,910,967,871,775,583,298,443,387,1000,165,268,565,745,905,845,516,951,969,428,853,681,509,77,58,36,296,873,739,486,81,195
shellder,480,740,617,274,173,124,267,93,70,1000,1000,58,1000,1000,566,442,207,54,872,424,872,442,607,173,328,247,543,73,881,570,105,908,649,71,620,37,100,26,818,504,904,306,151,103,35,855,610,280,92,399,108,706,248,427,115,664,274,95,20,329,108,51,0,39,39,746,357,164,724,450,186,245,59,559,299,80,281,127,185,97,344,86,470,433,104,156,16,390,71,0,12,438,289,184,861,224,99,674,242,466,149,374,65,511,132,198,116,393,228,56,813,305,729,714,60,405,312,604,194,198,103,267,598,117,212,44,184,114,1000,32,0,512,263,148,240,106,169,753,160,560,428,236,76,0,8,29,320,354,163,3,113
cloyster,770,972,931,880,578,388,999,981,888,1000,1000,361,1000,1000,994,755,552,269,1000,981,989,793,992,793,861,716,966,820,1000,997,857,1000,998,818,939,426,731,219,996,970,998,869,440,452,280,998,992,932,482,794,325,997,929,980,661,984,904,647,179,982,904,812,0,267,118,974,946,891,972,931,643,954,558,729,670,493,910,695,821,593,890,527,983,864,405,990,531,884,493,986,0,781,665,539,998,830,444,995,967,970,766,683,720,822,476,899,970,958,802,486,989,914,972,962,477,988,985,999,985,852,979,743,986,951,781,461,721,804,1000,267,230,789,992,964,763,812,695,1000,875,994,949,833,386,5,7,315,893,893,615,10,211
gastly,356,275,233,491,246,128,360,255,195,951,1000,138,1000,1000,402,526,333,87,593,238,538,234,700,402,450,371,343,202,504,368,183,556,402,47,494,136,399,73,384,350,618,223,218,225,257,466,310,364,158,379,142,269,137,451,137,384,112,230,53,268,127,89,0,79,63,270,235,218,358,283,304,602,228,292,208,150,334,183,233,229,526,293,368,415,86,436,266,600,356,559,219,0,320,259,652,355,195,408,255,319,152,357,108,523,332,59,89,350,275,238,291,129,595,452,61,467,291,373,233,327,172,439,321,101,210,123,191,98,1000,69,88,640,272,275,177,278,343,445,214,419,212,119,57,16,16,85,521,514,299,17,106
haunter,416,422,320,716,516,220,604,418,330,994,1000,267,1000,1000,555,594,447,144,760,387,765,395,834,587,762,592,549,310,748,565,309,764,582,228,650,185,502,166,566,568,751,417,257,270,273,647,448,496,338,756,307,603,273,698,377,559,273,337,134,597,383,174,117,81,61,430,332,317,466,335,352,775,391,410,281,180,677,315,414,349,699,477,536,579,168,688,429,725,549,705,331,680,0,356,812,465,275,542,343,510,269,364,160,702,497,279,200,459,453,355,459,211,740,610,167,648,616,514,368,637,350,595,428,273,331,328,389,215,1000,220,165,696,423,419,324,451,524,663,277,552,396,180,77,110,37,276,677,635,461,24,132
gengar,460,545,440,883,685,459,763,624,488,1000,1000,312,1000,1000,704,643,532,344,906,657,914,671,913,742,921,847,684,455,885,753,458,901,781,321,758,246,574,281,739,674,871,551,319,376,301,803,586,695,431,932,501,798,422,828,551,692,466,491,229,803,589,267,153,293,106,586,504,434,618,473,409,893,606,574,441,290,802,584,554,473,849,637,684,745,357,838,632,794,629,811,458,741,644,0,907,665,373,660,454,806,409,429,230,863,636,409,393,622,585,450,555,308,812,748,251,774,781,699,479,752,587,765,702,572,626,422,548,383,1000,305,246,731,582,604,526,585,687,815,432,730,588,343,190,175,173,441,810,734,547,46,282
onix,566,723,539,152,69,25,307,122,15,1000,1000,56,970,1000,698,314,65,1,831,320,715,189,416,30,282,75,311,47,695,393,22,827,517,28,516,26,42,0,690,370,833,118,85,44,5,873,644,381,68,943,538,653,221,737,195,802,358,40,0,333,96,97,0,52,16,636,426,270,536,344,99,271,11,146,55,10,82,16,250,65,284,59,428,193,19,263,118,118,9,131,2,346,187,90,0,442,128,413,68,426,80,303,52,846,558,420,75,226,27,2,315,54,890,634,8,233,77,628,284,193,29,393,644,405,53,0,45,79,1000,0,18,566,338,236,199,76,219,202,14,242,132,57,15,0,0,0,442,425,67,0,101
drowzee,358,227,97,616,295,76,362,149,34,992,1000,398,924,999,416,455,247,45,607,175,649,237,482,100,795,672,469,41,631,213,11,542,247,8,502,22,291,33,510,283,634,105,324,212,46,676,362,850,578,435,75,441,121,662,167,335,84,171,16,451,172,5,0,269,127,301,122,63,577,202,68,419,41,298,121,21,409,146,527,168,654,219,224,409,80,389,63,413,20,767,164,645,535,335,541,0,114,429,126,436,103,220,1,410,80,104,24,190,243,24,358,80,765,615,11,777,721,278,52,553,39,672,424,52,153,76,278,66,1000,17,21,567,116,76,120,61,699,507,61,437,143,49,2,1,2,10,508,286,80,1,102
hypno,792,660,374,953,763,408,874,657,279,1000,1000,454,992,1000,817,756,485,238,890,566,911,598,883,445,970,956,787,428,914,747,162,940,759,149,835,202,637,136,863,728,931,456,695,614,347,916,758,985,902,829,337,810,491,962,642,710,339,558,82,842,608,123,0,479,343,748,489,329,867,707,309,808,295,681,455,204,759,509,930,578,947,650,718,786,374,851,461,749,254,894,540,805,725,627,869,872,0,766,407,858,402,541,79,805,452,287,217,558,590,336,753,353,946,919,101,948,936,742,316,861,412,966,780,314,501,250,676,274,1000,115,245,796,664,564,559,446,944,895,444,880,487,284,42,28,40,209,904,643,311,65,213
krabby,719,897,866,301,203,109,515,132,21,1000,1000,201,998,1000,773,551,390,120,905,557,893,580,769,373,473,434,611,97,951,717,188,939,800,121,803,130,129,15,870,663,888,504,343,335,214,907,759,679,209,602,234,795,455,584,162,789,431,124,4,547,216,80,0,146,116,782,689,321,829,597,366,548,93,203,90,10,270,106,261,66,489,87,636,554,154,421,112,617,144,314,5,592,458,340,577,570,231,0,71,635,391,551,229,565,256,454,259,555,310,40,529,109,955,754,92,368,286,633,312,301,39,436,728,518,437,25,197,235,1000,22,7,701,571,192,464,171,407,416,10,275,68,290,149,0,39,8,601,592,261,3,57
kingler,925,970,925,626,356,199,934,704,299,1000,1000,523,1000,1000,965,753,674,334,993,870,991,859,965,738,815,698,899,590,994,973,589,995,972,481,886,406,435,84,978,895,985,756,756,689,472,979,931,919,548,789,377,958,790,964,563,968,780,370,35,869,618,503,0,359,246,922,878,774,954,900,719,927,384,556,313,88,641,325,716,367,798,481,918,912,460,850,446,854,490,749,31,745,657,546,929,870,587,929,0,929,679,807,557,858,562,729,572,806,685,345,874,437,991,973,272,864,761,952,841,711,514,753,912,801,709,129,492,530,1000,117,89,850,900,734,758,541,719,916,239,864,493,642,423,11,194,101,837,886,518,23,163
voltorb,731,685,480,648,334,102,231,52,4,1000,1000,243,998,1000,513,548,282,7,792,290,587,186,829,341,935,922,336,31,717,355,22,804,479,7,606,42,409,28,584,289,745,157,434,302,105,554,197,682,269,715,91,631,118,736,168,747,403,217,9,389,109,40,292,175,45,612,426,226,752,466,208,573,74,100,22,0,468,86,265,56,773,253,308,370,29,516,125,615,83,526,29,681,490,194,561,558,141,365,71,0,85,429,5,380,83,321,293,192,142,28,194,7,950,655,16,417,232,263,77,465,12,662,350,275,318,151,59,45,1000,16,9,723,293,113,276,160,449,208,9,288,89,25,15,0,2,6,640,506,163,0,95
electrode,940,924,845,923,763,405,685,417,180,1000,1000,500,1000,1000,863,742,574,245,962,750,856,495,974,791,1000,999,824,389,974,854,292,983,887,207,900,243,670,227,916,697,930,547,862,816,515,898,639,955,734,906,553,918,618,973,670,921,759,526,126,744,424,335,309,602,385,907,806,658,957,857,642,818,407,473,221,37,865,596,820,378,975,791,687,737,284,902,568,924,485,841,221,848,731,591,918,892,587,609,321,915,0,790,118,836,368,622,707,627,587,306,658,148,989,938,107,656,610,630,357,692,347,936,773,670,850,409,439,340,1000,107,100,816,741,469,868,601,834,707,130,685,531,321,116,0,37,83,916,837,465,46,239
exeggcute,651,757,528,806,740,585,205,97,53,1000,1000,464,987,1000,914,530,509,320,826,480,954,861,799,647,491,373,588,218,908,863,306,893,818,132,880,229,496,218,875,807,987,841,345,224,98,773,529,945,794,344,84,760,435,816,454,614,286,426,194,186,93,53,0,250,143,679,432,242,706,438,198,355,172,270,156,40,776,631,637,326,426,142,689,755,531,477,416,849,492,615,297,643,632,568,681,761,435,434,180,533,184,0,14,478,140,210,216,675,628,426,596,232,911,496,94,272,157,349,181,215,89,874,811,551,190,491,629,246,1000,64,59,572,428,300,359,468,616,355,67,369,377,612,135,174,49,794,575,588,510,29,259
exeggutor,1000,1000,993,995,972,889,930,655,511,1000,1000,585,1000,1000,999,722,627,451,998,946,1000,990,998,926,996,986,959,578,1000,981,724,1000,994,618,978,354,704,379,991,947,998,933,975,950,830,998,960,999,976,906,484,996,886,1000,962,992,950,636,310,858,617,607,0,738,629,995,988,952,998,976,816,931,601,640,447,174,975,912,997,791,997,779,965,993,867,963,861,941,671,933,273,892,840,770,944,998,919,771,443,995,882,984,0,898,629,856,933,908,846,445,920,549,1000,962,469,702,640,878,677,772,592,999,933,914,912,757,764,715,1000,348,263,888,948,720,937,899,989,948,351,813,839,843,464,295,427,949,998,958,717,344,479
cubone,722,679,523,408,235,86,502,277,126,996,997,170,885,975,708,472,275,32,875,398,858,426,479,81,525,304,210,11,561,240,4,631,332,5,487,20,197,12,723,191,793,154,392,148,30,867,663,460,146,797,269,767,288,819,362,690,378,143,4,645,329,120,0,232,95,580,370,210,618,429,140,534,57,9,1,0,374,111,547,212,386,69,538,602,141,664,605,168,5,480,172,477,298,137,150,581,188,435,142,620,164,499,102,0,162,355,133,222,19,0,64,0,878,692,32,493,367,671,371,514,179,528,551,617,175,38,45,122,999,88,185,503,427,291,305,197,394,212,2,201,56,76,12,14,0,10,615,484,146,0,94
marowak,934,897,818,723,452,253,908,659,489,1000,1000,412,975,997,941,657,527,253,966,795,971,776,789,404,810,629,737,242,916,717,132,914,741,125,844,199,447,137,936,630,944,520,790,667,276,989,914,866,521,922,619,949,719,983,780,856,658,359,48,913,713,493,0,474,307,855,713,546,909,739,439,806,334,177,55,2,753,477,903,658,789,372,780,895,465,919,838,549,60,860,512,668,503,364,435,916,540,744,438,917,632,843,371,838,0,631,354,616,307,44,345,57,966,913,160,809,788,872,720,832,634,859,805,855,453,192,318,346,1000,326,476,603,751,659,710,515,840,738,95,657,404,365,155,128,2,155,894,825,448,19,154
hitmonlee,911,884,732,938,749,364,789,673,328,995,1000,715,1000,1000,828,905,656,288,900,394,967,706,945,805,965,986,599,240,854,712,313,916,765,265,761,303,885,274,848,576,943,585,917,896,672,772,558,965,870,705,341,675,293,897,639,853,254,685,118,838,532,150,0,765,661,722,584,418,917,735,718,992,731,313,127,27,600,435,869,639,906,685,665,894,357,796,467,884,634,800,96,941,721,591,574,894,710,546,271,679,378,785,144,645,369,0,322,506,489,383,341,60,980,749,57,964,960,706,541,925,483,917,506,440,587,449,350,166,1000,367,310,748,575,599,686,565,871,709,258,717,310,302,108,145,167,667,888,800,501,224,202
hitmonchan,949,930,717,974,716,386,923,772,276,1000,1000,636,1000,1000,952,833,675,207,934,466,981,722,984,735,961,984,825,408,969,845,431,984,881,189,841,217,815,233,856,603,967,612,884,822,541,862,548,992,929,925,575,677,339,982,614,925,467,703,106,862,626,415,0,741,651,958,854,658,937,831,775,995,789,620,423,276,742,468,945,762,917,553,784,898,357,895,334,928,686,881,29,911,800,605,923,976,779,741,428,707,293,771,63,867,646,677,0,536,503,357,696,396,999,803,54,983,946,894,704,916,671,955,525,416,634,503,158,163,1000,188,158,878,773,785,767,700,869,936,569,909,537,437,56,6,62,694,953,831,278,133,182
lickitung,624,668,535,791,551,288,644,359,165,1000,1000,238,993,1000,841,493,368,150,903,603,943,641,876,503,881,815,492,125,925,763,219,947,807,98,704,94,385,90,910,640,961,507,370,265,102,940,747,877,498,852,343,827,451,944,529,855,531,292,41,743,431,213,0,291,171,720,590,434,768,572,328,805,297,284,48,12,760,447,817,421,692,282,658,734,275,798,508,660,192,592,39,647,538,367,753,800,418,433,185,800,359,301,90,773,376,490,455,0,238,88,513,76,908,725,76,594,542,671,367,582,300,854,767,616,460,198,270,212,1000,83,80,679,540,460,572,421,739,589,58,489,297,333,140,6,9,122,738,601,262,3,247
koffing,503,569,389,767,452,276,613,343,136,1000,1000,271,1000,1000,830,648,527,202,967,698,964,703,960,670,764,584,869,448,962,849,364,987,850,211,821,136,461,127,946,681,953,582,255,146,116,919,725,731,359,989,766,921,596,935,486,811,582,312,50,683,361,178,0,298,155,797,622,449,660,434,278,736,272,807,527,183,738,402,772,470,595,228,740,778,299,741,340,897,304,763,181,725,547,415,970,753,403,687,308,851,405,366,147,980,691,509,491,754,0,177,870,334,977,613,120,548,510,757,458,521,371,723,788,746,493,215,275,298,1000,64,60,544,685,486,591,454,552,722,127,507,336,406,79,10,1,105,718,739,369,6,114
weezing,547,685,485,922,744,470,942,797,525,1000,1000,358,1000,1000,919,807,570,343,995,878,995,880,995,837,939,856,987,817,999,984,669,998,964,540,920,320,564,213,974,933,990,690,279,314,163,986,887,948,559,998,928,987,804,995,834,929,694,553,134,874,687,414,0,465,239,914,856,744,857,694,371,871,452,957,861,643,921,738,971,839,957,532,899,950,586,935,703,942,561,942,491,762,645,550,997,975,657,960,649,972,678,567,538,1000,955,613,637,903,823,0,970,816,987,855,272,892,861,928,736,759,808,907,891,895,764,412,505,590,1000,182,223,858,942,811,835,696,896,976,484,900,758,695,180,33,46,439,947,893,622,66,292
rhyhorn,770,892,841,326,212,118,437,197,40,1000,1000,186,991,1000,903,513,338,74,971,744,872,417,745,295,543,294,480,43,950,814,145,976,867,113,704,108,109,13,960,592,931,434,226,148,32,951,727,694,293,989,703,913,613,867,386,939,694,107,11,595,240,200,0,204,71,870,762,587,707,538,225,526,101,317,23,0,341,127,466,107,369,105,655,531,133,388,221,436,58,180,11,709,541,445,668,630,246,471,126,806,342,376,80,936,655,659,304,468,125,28,0,53,975,783,88,333,228,723,363,355,72,611,799,653,199,27,259,291,1000,46,27,707,697,314,436,243,464,389,28,353,303,271,106,0,0,2,722,808,417,1,161
rhydon,942,964,969,551,370,209,872,665,545,1000,1000,446,1000,1000,994,653,571,308,998,971,987,793,964,730,815,577,910,538,998,981,730,999,987,695,941,315,325,72,999,899,984,828,814,616,273,998,986,958,680,999,967,989,916,988,874,992,956,244,47,882,653,652,0,504,267,992,963,909,928,817,507,857,374,861,587,80,642,379,919,615,778,425,909,890,439,789,556,835,274,684,81,871,789,692,939,915,637,891,563,993,852,750,451,1000,943,940,602,916,654,179,947,0,996,972,484,741,727,963,833,775,563,925,972,910,563,105,779,743,1000,282,115,840,949,724,756,490,827,960,191,828,840,730,494,10,1,56,950,977,813,14,284
chansey,36,15,2,183,76,29,74,7,2,662,247,15,236,297,38,40,11,1,73,10,107,13,65,6,374,141,1,0,54,6,0,57,6,0,6,0,54,1,3,1,113,2,177,96,45,60,32,49,10,43,4,25,2,93,6,69,23,25,1,115,23,6,0,30,3,85,72,25,67,7,1,194,13,4,0,0,79,21,44,5,250,17,34,55,12,6,0,1,0,128,4,319,103,41,44,166,17,26,0,35,5,7,0,91,10,20,1,1,9,2,2,0,0,34,0,216,42,11,1,48,17,400,26,3,14,1,3,3,825,2,0,403,1,0,2,3,298,62,2,32,1,0,0,0,0,0,119,18,0,1,50
tangela,612,794,559,718,447,330,92,30,5,998,1000,218,994,1000,844,541,262,82,718,282,942,688,805,389,308,144,277,17,837,676,43,873,626,42,607,62,311,63,575,525,937,615,202,114,51,793,485,746,350,383,60,618,243,472,63,621,213,262,27,120,16,15,0,75,24,516,325,183,718,487,114,238,34,64,20,3,632,339,111,26,257,19,562,700,268,154,46,534,133,267,34,548,387,247,331,363,66,235,24,313,52,482,32,290,78,245,181,250,378,141,182,21,809,0,18,77,26,204,64,88,7,377,658,433,72,171,237,91,1000,10,6,634,308,67,133,206,280,73,3,151,58,304,2,12,3,500,435,297,177,1,178
kangaskhan,966,976,958,994,959,730,991,937,844,1000,1000,711,1000,1000,990,857,758,490,997,914,998,885,996,953,996,988,947,766,995,982,813,997,991,746,952,603,863,348,991,942,991,892,929,877,632,978,926,991,922,967,741,992,882,996,952,988,930,770,256,967,900,811,265,661,528,986,978,968,984,953,883,995,835,786,564,242,977,867,988,917,989,923,966,986,710,967,955,964,828,940,509,939,833,749,991,988,896,908,728,984,893,888,531,968,840,943,945,922,878,716,912,516,1000,980,0,983,982,956,889,975,922,991,940,888,923,667,858,660,1000,713,566,911,956,932,950,921,984,991,640,977,899,772,537,295,178,779,994,982,841,162,427
horsea,718,863,713,127,41,15,210,48,5,1000,1000,78,997,1000,324,601,273,69,723,324,790,365,685,203,500,475,673,111,835,643,61,858,526,48,599,49,20,2,731,606,864,295,432,437,224,854,691,508,130,312,116,556,214,335,25,432,120,37,0,151,36,0,0,29,12,543,312,98,829,710,398,84,6,483,288,79,84,7,90,16,437,84,404,433,97,58,0,574,86,590,12,533,352,226,762,217,49,632,136,583,344,720,298,507,191,36,17,400,446,107,667,259,181,917,17,0,313,264,14,149,50,294,354,26,347,2,215,152,1000,1,0,628,341,28,372,1,274,394,50,385,65,95,0,0,10,0,526,386,138,1,109
seadra,810,825,718,139,36,7,313,95,20,1000,1000,90,999,1000,505,577,401,46,933,352,945,477,774,311,719,575,772,222,921,717,105,935,760,75,604,27,16,1,799,719,938,331,589,522,302,940,753,636,116,447,111,719,296,495,33,675,112,22,0,186,30,5,0,35,10,590,296,95,940,811,545,147,5,529,235,66,80,16,89,9,544,113,443,743,100,31,0,508,26,680,15,709,384,219,918,269,60,714,239,768,390,829,360,633,212,40,54,449,479,135,772,273,24,966,18,687,0,438,42,167,113,444,354,69,382,1,334,129,1000,3,0,733,380,40,460,2,370,509,36,527,145,139,0,0,13,0,575,465,144,0,111
goldeen,845,875,711,362,163,75,574,204,19,1000,1000,208,1000,1000,638,682,332,76,788,404,825,367,909,346,784,674,391,39,859,600,53,922,577,23,689,94,150,13,791,429,906,305,570,508,309,763,550,765,278,368,142,652,272,787,143,637,263,189,6,674,263,28,0,260,120,624,460,277,814,683,385,744,135,75,15,5,305,80,436,115,686,165,595,490,121,533,151,627,170,389,1,627,486,301,367,717,250,367,48,737,370,624,122,329,128,294,106,322,231,72,277,37,978,784,44,736,562,0,128,513,57,623,523,335,462,44,103,107,1000,32,37,729,510,127,532,122,590,486,27,504,67,154,40,1,10,2,738,495,164,6,90
seaking,968,949,864,806,397,182,940,702,179,1000,1000,398,1000,1000,846,744,511,230,950,684,945,653,985,709,963,947,773,316,978,886,276,986,934,164,871,294,564,62,921,712,965,544,892,868,666,916,755,958,673,696,243,883,556,980,517,869,594,393,28,943,669,194,0,483,286,861,743,555,954,882,668,950,505,217,113,29,691,332,905,560,945,558,810,818,375,894,518,837,493,795,13,767,632,521,710,947,679,688,159,923,643,802,323,629,280,459,296,627,534,258,637,167,990,924,111,986,958,872,0,867,638,921,738,705,712,111,250,259,1000,121,217,877,803,588,843,531,912,919,234,895,306,436,140,3,132,29,935,762,375,26,212
staryu,769,801,696,313,131,22,473,205,76,1000,1000,232,995,1000,437,635,492,102,836,289,821,356,779,381,659,584,722,246,838,609,133,848,616,65,713,117,105,4,698,582,877,286,560,577,330,779,559,702,221,322,128,517,221,607,118,661,172,83,3,363,116,62,0,92,21,606,414,198,832,688,537,417,49,420,206,97,151,34,365,117,601,230,490,608,101,263,9,659,176,796,145,673,363,248,801,435,133,699,289,535,308,771,228,486,168,75,84,413,475,238,645,225,626,904,25,851,833,487,133,0,245,513,423,42,350,14,261,106,1000,22,9,608,365,235,375,37,460,643,128,626,238,93,1,0,23,1,609,522,207,1,73
starmie,949,938,926,507,218,59,929,467,58,1000,1000,357,999,1000,919,679,516,222,997,837,998,809,950,421,981,921,917,494,990,933,208,1000,963,180,818,84,221,0,965,802,994,738,800,722,454,988,885,990,845,843,211,989,629,997,521,988,677,127,0,923,490,96,94,536,197,932,745,382,954,868,629,642,22,616,355,96,510,121,907,201,908,492,858,947,455,463,8,698,81,893,18,828,650,413,968,952,565,961,486,988,653,898,408,821,366,517,328,682,619,187,928,437,854,993,78,950,887,943,362,755,0,987,923,564,802,10,519,426,1000,1,1,912,838,240,761,127,854,957,111,944,451,312,0,0,125,4,871,746,228,6,155
mr-mime,303,248,102,681,424,103,384,155,36,989,1000,335,943,1000,467,443,240,20,656,165,669,226,563,181,662,438,445,132,581,360,30,629,367,31,388,9,292,18,537,259,672,153,200,161,61,715,375,860,558,375,76,449,95,699,212,348,36,220,22,398,154,6,19,115,28,209,63,14,521,320,107,425,31,313,172,28,401,158,253,10,560,182,285,506,60,358,63,353,33,728,253,561,405,235,600,311,32,564,247,338,64,116,1,472,141,83,45,139,270,89,389,75,292,606,9,706,556,377,79,487,13,0,467,27,90,66,280,39,1000,13,9,602,181,51,84,93,511,514,92,486,208,42,0,1,0,18,467,250,44,0,82
scyther,335,288,142,813,591,311,458,238,91,988,990,232,981,997,459,550,403,156,750,467,890,571,812,483,921,971,326,63,694,468,131,780,576,105,509,85,495,116,659,363,739,320,149,126,147,628,337,548,235,733,241,634,263,666,229,764,441,383,59,705,375,237,280,205,59,619,549,371,436,281,186,761,307,84,18,0,638,352,386,122,659,296,546,715,222,686,322,463,123,400,13,679,572,298,351,565,213,272,88,650,227,181,67,449,195,494,472,232,208,104,201,28,916,330,60,646,645,477,262,577,77,533,0,507,547,326,130,82,1000,71,73,661,443,240,374,378,539,342,28,257,52,197,18,26,72,242,689,530,175,3,212
jynx,646,530,273,982,905,476,835,524,188,1000,1000,613,998,1000,779,732,495,87,927,403,770,298,914,457,989,955,371,114,856,539,100,939,662,76,780,156,776,197,802,499,894,338,419,345,188,778,432,961,821,583,166,870,284,965,511,945,608,681,140,940,627,390,600,660,550,876,696,586,646,373,304,979,345,200,89,46,821,483,902,537,964,644,567,591,135,890,249,706,218,873,47,899,727,428,588,946,677,482,199,725,330,432,86,383,145,560,584,377,252,103,347,90,997,551,112,974,931,665,295,958,436,973,493,0,437,671,187,141,1000,212,203,877,565,438,465,627,904,754,263,704,274,159,48,15,26,139,926,701,265,98,192
electabuzz,917,885,785,884,673,178,618,358,163,1000,1000,292,997,1000,785,573,302,50,917,613,697,267,931,681,991,993,871,625,923,751,527,926,817,394,803,168,608,203,857,649,735,203,842,814,536,808,514,916,669,874,395,859,360,938,559,805,449,521,100,681,415,94,209,473,222,739,517,336,924,771,602,774,343,641,483,200,796,490,789,360,716,233,371,455,48,887,587,817,400,775,207,790,669,374,945,845,488,563,291,682,150,784,88,825,547,413,365,529,498,231,801,437,967,912,77,653,618,538,288,650,198,910,453,563,0,350,401,137,1000,24,116,837,588,421,398,505,808,681,130,655,464,48,117,0,0,10,892,796,212,21,210
magmar,554,564,412,976,893,502,994,974,876,1000,1000,445,1000,1000,615,803,718,371,966,675,963,685,980,890,983,957,974,853,992,938,825,983,947,702,800,235,605,165,877,759,966,754,315,378,274,682,431,890,634,848,560,964,605,993,953,914,491,560,113,988,956,702,254,478,320,876,758,561,727,515,431,994,906,908,884,770,864,522,993,958,893,511,835,919,387,949,670,932,688,956,529,876,671,576,1000,922,741,975,870,849,588,493,237,962,808,550,496,795,780,570,973,895,979,812,327,998,999,956,889,986,990,931,672,327,648,0,474,416,1000,798,436,833,823,971,671,596,935,998,976,997,972,630,325,28,60,293,961,891,729,89,257
pinsir,627,755,616,980,896,574,848,647,451,1000,1000,308,1000,1000,963,685,543,238,991,782,997,937,986,897,878,750,851,447,996,953,611,994,977,380,861,267,653,190,949,841,981,703,299,335,221,973,866,775,353,920,579,938,659,918,496,941,680,567,107,775,495,496,0,186,122,902,817,717,843,686,515,923,480,592,339,98,923,702,512,313,886,502,876,980,539,870,583,842,539,813,273,809,611,452,952,711,321,803,508,941,561,361,236,955,682,650,840,718,715,476,741,221,958,745,142,785,666,897,750,739,481,720,870,813,599,521,0,380,1000,165,109,835,865,694,691,799,669,878,242,764,581,643,113,60,29,723,888,850,524,2,167
tauros,895,934,872,958,825,566,935,704,532,1000,1000,553,1000,1000,965,768,669,413,987,858,992,865,974,874,981,940,834,450,986,921,551,993,953,467,912,405,680,324,953,851,972,800,712,600,364,944,810,972,808,971,548,964,723,981,829,975,889,620,218,908,736,612,421,670,299,967,919,824,947,861,720,957,681,536,279,83,942,778,942,655,943,675,886,931,535,944,775,903,596,876,182,902,785,617,918,933,722,765,470,955,660,742,285,878,654,834,835,781,691,398,709,257,993,901,340,848,871,893,741,894,574,961,918,859,863,582,620,0,1000,333,246,842,858,758,808,776,906,914,272,855,684,562,354,72,107,539,943,911,633,43,350
magikarp,0,0,0,0,0,0,0,0,0,43,0,0,21,2,2,0,0,0,0,0,7,0,0,0,0,0,0,0,0,0,0,0,0,0,1,0,0,0,0,0,0,0,0,0,0,1,0,0,0,0,0,0,0,0,0,1,0,0,0,0,0,0,0,0,0,0,0,0,4,0,0,0,0,0,0,0,0,0,0,0,0,0,1,0,0,0,0,0,0,0,0,0,0,0,0,0,0,0,0,0,0,0,0,1,0,0,0,0,0,0,0,0,1,0,0,0,0,0,0,0,0,0,0,0,0,0,0,0,0,0,0,197,0,0,0,0,1,0,0,0,0,0,0,0,0,0,0,0,0,0,0
gyarados,962,968,962,926,825,379,997,978,846,1000,1000,610,1000,1000,875,821,743,472,996,903,994,886,999,964,1000,1000,988,868,1000,985,844,1000,996,545,969,497,685,178,979,944,983,763,920,928,800,971,901,987,863,809,395,972,822,995,894,977,799,578,102,981,919,661,0,561,393,960,949,852,974,948,899,989,844,807,592,350,899,660,983,966,983,976,948,974,689,947,850,955,826,966,719,931,780,695,1000,983,880,978,883,984,893,930,652,912,674,633,811,913,934,807,954,718,982,989,287,999,997,968,879,978,999,987,929,788,976,202,835,667,1000,0,494,934,940,924,943,747,983,998,914,996,918,693,267,69,462,335,991,975,818,168,369
lapras,961,928,873,973,921,775,997,975,754,1000,1000,497,1000,1000,967,817,595,443,995,928,947,742,991,892,996,994,979,845,998,988,731,1000,981,644,958,445,650,307,988,970,995,797,934,940,809,994,964,998,906,624,294,981,874,997,888,965,869,645,296,996,941,681,0,554,428,981,968,869,994,961,854,974,819,787,716,568,960,821,989,939,993,922,893,877,587,999,541,944,723,1000,759,912,835,754,980,975,748,993,911,991,900,936,737,815,524,690,839,916,933,770,973,885,863,992,434,1000,996,963,783,991,999,991,927,797,884,560,891,754,1000,506,0,903,934,844,937,761,991,998,960,993,882,717,275,66,235,457,988,945,737,284,447
ditto,450,299,270,315,241,166,429,138,51,465,0,84,146,0,297,69,35,6,339,256,370,288,319,226,332,167,353,42,428,210,48,305,214,35,244,116,62,0,187,180,357,225,446,392,227,541,446,412,253,299,216,285,181,252,121,219,142,41,3,272,166,129,0,54,26,230,292,146,436,242,217,323,113,472,294,195,283,186,257,161,604,227,334,298,158,398,79,224,8,474,202,360,304,269,417,402,181,299,150,277,184,391,112,497,397,252,122,300,456,142,293,160,3,343,89,372,261,271,123,392,88,398,339,123,163,167,165,158,803,66,97,0,126,64,141,204,369,569,164,337,105,118,104,2,71,22,345,282,153,30,35
eevee,759,605,373,772,446,187,704,194,46,1000,1000,333,997,1000,623,618,456,93,812,398,817,405,898,397,856,729,458,23,917,472,44,946,574,16,810,45,480,74,799,540,898,338,492,418,228,819,498,884,441,697,206,660,264,896,303,719,390,258,30,702,304,109,0,320,172,789,683,387,817,484,223,839,247,101,39,14,594,291,698,328,819,181,448,536,110,805,277,725,219,704,8,690,538,393,608,828,296,418,97,656,240,514,44,548,230,345,206,425,288,51,274,49,901,621,36,621,598,449,183,610,146,791,528,374,376,160,118,127,1000,53,56,828,0,248,401,280,725,615,44,470,129,124,29,1,0,34,841,538,212,3,108
vaporeon,870,751,559,673,352,141,940,692,203,1000,1000,253,999,1000,833,570,343,110,937,613,960,677,945,461,981,932,759,222,972,844,134,981,846,121,700,90,280,20,923,795,989,515,928,890,709,976,817,949,558,589,151,879,479,972,529,907,505,232,5,938,687,229,0,294,123,893,770,506,958,879,534,854,237,399,173,46,590,214,921,559,927,421,766,825,326,845,400,554,78,845,34,725,581,396,759,909,414,808,266,887,531,689,280,709,341,401,215,531,498,181,686,276,818,925,68,972,934,873,412,758,757,949,759,562,579,28,306,242,1000,76,156,900,715,0,687,229,917,910,276,883,330,327,28,1,36,21,887,588,198,1,293
jolteon,877,774,567,925,739,457,538,246,79,1000,1000,413,999,1000,755,626,433,143,917,562,778,343,961,607,997,999,572,327,914,741,204,952,772,141,765,88,591,184,822,615,879,360,839,771,419,808,499,931,658,842,370,863,422,950,507,765,355,495,72,718,333,53,237,448,237,642,424,212,918,758,446,786,251,377,351,137,817,531,776,310,878,399,497,544,157,826,401,712,145,754,233,823,676,474,796,870,428,536,242,724,132,610,63,695,290,314,231,425,399,160,564,244,965,840,50,628,540,468,157,625,239,916,626,535,602,329,309,192,1000,57,63,859,553,313,0,487,840,692,117,653,416,229,14,3,15,142,898,704,368,16,235
flareon,629,563,292,979,856,509,967,826,385,1000,1000,366,1000,1000,481,739,474,205,908,524,916,552,958,618,974,973,822,407,958,784,218,969,820,120,785,134,591,158,854,669,893,333,368,384,248,759,405,886,565,834,349,808,402,972,654,816,464,567,63,927,750,327,0,460,317,883,772,600,735,490,234,955,724,620,537,347,783,518,945,804,907,432,701,745,240,892,394,864,463,888,175,720,546,409,923,931,536,823,455,836,392,508,98,800,476,432,292,563,536,290,755,506,991,774,78,999,998,876,464,963,870,905,617,369,490,403,194,219,1000,245,230,788,675,767,508,0,925,955,763,923,588,289,103,1,15,115,936,678,336,36,197
porygon,400,366,143,618,357,81,429,175,36,997,1000,217,988,1000,431,526,305,70,774,287,775,358,678,182,746,505,638,154,734,445,51,740,466,25,535,20,296,24,626,365,759,192,307,215,52,735,404,787,388,587,152,598,232,718,161,517,287,206,20,492,183,89,0,88,27,568,374,152,683,379,168,486,55,533,270,47,500,217,432,107,634,262,324,587,141,450,95,591,48,824,298,657,476,313,776,292,53,593,281,551,166,370,11,606,160,129,131,257,444,102,536,173,398,704,16,726,630,410,88,540,146,489,461,96,192,64,331,94,999,17,9,631,238,83,160,73,0,648,122,573,221,89,1,1,0,41,569,373,86,0,125
omanyte,758,883,779,153,83,34,474,64,3,1000,1000,113,1000,1000,381,481,225,16,941,457,728,289,837,222,690,488,556,63,933,709,29,964,757,11,614,14,45,0,897,513,888,157,504,256,105,885,610,526,113,820,200,814,291,704,77,782,289,25,1,606,159,38,0,105,29,675,362,154,867,697,349,580,34,392,115,5,127,29,275,48,429,56,400,439,43,142,29,593,25,241,0,555,337,185,788,483,100,584,84,792,293,620,52,788,262,291,64,398,270,24,611,40,849,920,9,606,491,514,81,357,43,486,658,246,319,2,122,86,1000,2,2,431,356,90,308,44,352,0,1,418,57,61,6,0,0,0,452,401,60,1,19
omastar,971,975,968,468,232,131,996,841,541,1000,1000,396,1000,1000,858,636,557,332,999,952,964,756,992,827,963,924,978,754,999,992,738,998,990,680,937,272,196,14,996,968,994,794,913,890,709,991,946,966,624,989,745,993,884,993,712,977,866,158,8,956,784,467,0,364,196,981,948,801,992,974,797,942,410,915,746,513,483,196,927,582,959,630,891,843,483,702,168,919,549,837,119,786,723,568,985,938,535,990,761,991,870,923,649,998,905,742,431,936,863,497,972,809,962,994,360,950,964,973,766,872,889,908,972,737,870,24,758,728,1000,86,40,836,953,723,883,231,878,999,0,976,828,674,181,0,199,6,960,877,589,52,252
kabuto,847,879,837,250,141,83,587,105,9,1000,1000,190,1000,1000,527,574,354,60,920,502,789,327,917,359,641,399,666,141,983,782,66,995,838,30,731,28,89,1,886,654,910,321,494,410,182,853,575,781,275,791,248,797,350,740,87,752,380,64,2,582,179,48,0,161,34,757,581,248,878,699,365,574,59,443,214,54,206,62,305,63,543,111,491,478,97,216,54,686,140,432,6,581,448,270,756,551,112,725,136,712,315,611,187,799,343,283,91,492,491,98,647,172,924,834,23,615,473,496,105,374,56,514,743,296,345,3,236,145,1000,4,7,663,503,117,347,77,427,582,24,0,78,128,9,0,8,0,657,467,144,0,50
kabutops,916,936,845,579,280,176,959,750,405,1000,1000,464,1000,1000,876,691,540,140,998,817,966,531,992,792,855,690,834,294,998,990,517,1000,991,221,845,199,335,24,986,835,976,591,721,658,307,945,785,958,626,932,542,948,677,974,558,980,711,277,16,909,671,557,0,351,164,924,834,701,970,889,615,958,395,313,58,1,481,214,839,436,806,351,862,857,204,652,372,823,304,560,45,788,604,412,862,853,496,932,507,911,469,601,161,944,596,690,463,687,649,233,697,160,968,929,101,935,855,933,694,762,549,792,948,726,536,28,419,316,1000,82,118,895,856,669,584,407,779,943,172,922,0,346,146,0,0,13,882,809,409,4,145
aerodactyl,653,662,446,849,661,386,904,683,380,1000,1000,531,999,1000,565,776,646,329,986,822,901,535,981,834,999,1000,765,307,977,890,415,986,933,315,873,280,667,280,917,729,930,454,411,348,251,707,383,800,570,996,828,951,700,980,773,863,725,568,141,933,695,386,626,720,531,848,730,627,793,598,383,969,663,625,390,128,874,592,899,539,968,834,771,758,368,822,631,895,452,739,159,868,797,633,933,930,679,696,350,966,652,360,135,910,624,664,520,634,577,282,717,257,903,649,216,896,845,831,529,894,669,950,775,821,948,344,348,416,1000,285,266,857,843,650,760,674,896,936,317,865,643,0,116,24,160,94,955,862,491,54,295
snorlax,970,957,958,997,993,940,996,977,846,1000,1000,536,1000,1000,986,704,539,373,990,920,994,923,997,935,1000,1000,980,850,999,991,808,1000,990,782,931,597,712,314,995,950,996,862,981,973,906,995,966,1000,991,975,840,982,853,996,970,928,911,604,265,997,975,786,0,696,604,956,958,877,975,957,895,993,948,822,492,181,984,917,999,996,986,983,908,983,865,952,996,955,832,920,586,916,901,790,983,993,945,835,564,981,873,841,507,980,831,790,914,847,912,797,877,475,790,995,419,996,993,949,841,986,1000,1000,969,935,863,646,874,625,1000,706,711,866,949,923,979,872,998,992,814,987,850,852,0,516,419,851,997,963,777,538,571
articuno,793,786,677,1000,1000,997,1000,1000,992,1000,1000,701,1000,1000,948,918,843,582,1000,994,1000,858,1000,1000,1000,1000,999,982,1000,1000,988,1000,1000,936,986,749,894,543,999,988,1000,927,617,674,465,994,923,998,937,952,607,1000,978,1000,999,1000,955,904,553,998,992,919,0,738,619,988,989,984,937,866,645,1000,991,984,951,873,1000,997,1000,996,1000,1000,990,991,737,1000,1000,997,937,1000,994,984,890,825,1000,999,971,1000,989,1000,1000,826,705,986,872,855,994,994,990,965,1000,990,1000,987,705,1000,1000,999,997,1000,1000,999,974,985,1000,971,940,928,1000,931,934,998,999,999,997,999,999,1000,1000,1000,1000,972,462,0,464,904,1000,1000,954,448,560
zapdos,977,979,983,1000,998,827,982,936,950,1000,1000,592,1000,1000,952,906,787,493,1000,1000,995,810,1000,999,1000,1000,999,996,1000,1000,1000,1000,1000,996,995,767,911,481,999,988,1000,912,939,923,664,972,819,999,943,1000,884,1000,978,1000,997,1000,967,857,563,994,956,440,596,740,599,1000,991,867,998,980,916,986,802,1000,1000,973,1000,978,1000,965,998,994,974,983,575,986,999,1000,955,992,993,984,963,827,1000,998,959,961,806,998,963,944,573,1000,998,833,937,990,999,950,1000,999,1000,997,822,990,987,990,868,977,875,1000,928,974,1000,937,971,893,1000,538,765,929,1000,964,985,983,1000,1000,801,992,1000,835,534,536,0,594,1000,1000,921,231,579
moltres,276,248,90,1000,999,776,1000,993,878,1000,1000,299,1000,1000,387,770,660,323,1000,880,999,856,999,945,1000,1000,989,872,1000,995,847,1000,999,708,926,291,724,186,977,864,996,640,65,53,89,341,98,735,275,985,660,991,773,1000,965,934,261,652,112,995,969,420,407,579,379,840,527,200,538,244,151,1000,879,984,942,730,975,798,994,941,994,954,936,987,550,942,846,958,659,970,652,915,720,554,1000,989,755,992,893,993,909,187,41,988,831,307,278,851,881,513,998,936,998,475,187,1000,1000,998,965,999,996,980,738,856,988,699,247,428,1000,630,531,964,956,976,853,867,956,1000,993,1000,987,886,95,86,374,0,991,973,649,17,215
dratini,454,359,183,441,189,68,420,94,25,999,1000,147,981,1000,248,460,208,36,570,205,617,263,607,176,531,390,388,25,709,289,6,665,288,1,592,18,193,20,479,420,652,146,188,186,62,537,244,622,149,383,49,385,120,529,114,499,210,120,7,327,102,28,0,143,47,530,471,147,554,202,103,425,70,203,82,14,319,126,431,198,555,76,237,302,53,424,97,571,112,671,104,474,320,178,544,473,83,395,157,343,81,402,2,375,101,105,45,243,260,51,269,45,806,539,6,471,422,261,61,387,119,522,298,71,104,35,111,55,1000,9,10,641,125,109,99,61,423,539,38,336,113,31,0,0,0,7,0,342,131,1,99
dragonair,557,617,318,725,367,122,606,329,66,1000,1000,276,986,1000,512,533,279,69,729,329,792,370,803,337,669,513,308,66,840,605,20,849,592,4,706,89,422,52,626,550,829,246,287,267,136,727,435,826,330,560,123,545,213,826,262,568,275,253,7,523,236,108,0,234,132,545,434,321,650,460,239,722,214,123,48,10,515,239,583,379,588,178,477,486,109,673,276,559,243,636,100,485,361,263,546,699,346,389,111,478,154,390,39,508,164,197,164,389,241,100,181,21,911,681,17,607,528,491,227,473,240,739,462,291,199,105,139,85,1000,22,51,706,414,389,281,303,619,589,117,518,179,114,27,0,0,21,644,0,177,1,133
dragonite,617,675,493,921,785,475,933,741,617,1000,1000,461,999,1000,741,615,543,212,957,715,964,758,940,732,994,998,693,390,970,906,402,963,926,201,856,278,570,192,903,856,931,557,423,348,253,910,719,923,644,837,395,856,618,978,747,891,627,480,77,869,642,503,0,442,308,844,748,637,753,589,450,927,540,428,251,86,851,614,931,831,895,702,791,879,441,906,785,799,501,834,363,699,536,451,924,909,670,735,475,831,523,472,271,850,540,485,709,722,609,361,565,165,939,801,148,861,853,834,616,789,754,955,822,726,781,267,463,352,1000,172,259,829,768,790,628,652,912,937,392,849,583,478,197,42,77,301,860,816,0,28,261
mewtwo,987,992,987,1000,992,951,999,995,981,1000,1000,823,1000,1000,1000,940,882,729,999,993,1000,996,999,978,999,998,998,992,1000,999,972,1000,1000,952,990,840,876,557,1000,990,997,973,959,931,814,1000,986,1000,1000,999,971,1000,991,1000,995,993,940,858,600,998,985,764,174,739,626,993,985,923,999,987,898,993,905,998,976,874,1000,991,1000,981,999,993,996,999,993,968,991,998,909,997,989,983,976,954,1000,999,928,997,977,1000,954,969,656,1000,981,776,864,996,994,930,999,986,998,999,838,999,1000,994,974,999,994,1000,997,902,979,908,998,957,1000,832,716,970,997,999,984,958,1000,999,948,1000,996,940,428,549,767,978,996,999,969,0,679
mew,869,838,768,915,888,709,943,899,771,967,637,565,844,625,885,694,578,312,916,838,894,804,902,821,929,859,925,772,907,871,701,943,893,732,767,507,645,236,790,709,912,785,814,769,592,907,875,874,813,887,715,898,774,928,834,834,785,622,275,889,832,673,454,558,406,859,823,773,876,825,722,909,662,894,810,544,854,736,862,790,931,863,835,913,745,842,527,747,428,874,768,892,860,708,882,879,764,934,825,895,753,717,511,899,838,789,807,735,872,692,827,701,656,803,561,884,873,902,775,919,827,902,784,802,783,734,823,638,993,614,538,751,864,655,757,790,867,973,736,938,845,667,339,431,414,725,888,850,712,306,0
